Indicator Value,Indicator Type,IC Score,Associated Actors,Associated Malware,Associated Tools,Associated Campaigns,Associated Reports,Exclusive,First Seen,Last Seen,SHA1,SHA256,Threat Score
3hti.com,FQDN,54,UNC5518,,,CAMP.24.061,24-10070103,FALSE,9/12/2024,11/7/2024,,,6
airbluefootgear.com,FQDN,90,UNC5518,,,CAMP.24.061,24-10070103,FALSE,9/21/2024,11/7/2024,,,55
airfindia.com,FQDN,40,UNC5518,,,CAMP.24.061,24-10070103,FALSE,4/6/2023,11/7/2024,,,14
allaces.com.au,FQDN,50,UNC5518,,,CAMP.24.061,"24-10070103, 24-10072483, 24-10072686",FALSE,9/17/2024,11/21/2024,,,1
aquarianpoolandspa.com,FQDN,50,UNC5518,,,CAMP.24.061,24-10070103,FALSE,8/23/2024,11/7/2024,,,0
architectural.masonite.com,FQDN,40,UNC5518,,,CAMP.24.061,24-10070103,FALSE,9/17/2024,11/7/2024,,,0
articolite.com,FQDN,50,UNC5518,,,CAMP.24.061,24-10070103,FALSE,8/23/2024,11/7/2024,,,0
ashleypuerner.com,FQDN,95,UNC5518,,,CAMP.24.061,"24-10064648, 24-10070103",FALSE,5/28/2024,11/7/2024,,,63
athsvic.org.au,FQDN,40,UNC5518,,,CAMP.24.061,24-10070103,FALSE,4/6/2023,11/7/2024,,,14
avvocati-associati.org,FQDN,50,UNC5518,,,CAMP.24.061,24-10070103,FALSE,8/23/2024,11/7/2024,,,0
backalleybikerepair.com,FQDN,62,UNC5518,,,CAMP.24.061,24-10070103,FALSE,4/26/2024,11/7/2024,,,16
barcelonafcblog.com,FQDN,50,UNC5518,,,CAMP.24.061,24-10070103,FALSE,6/21/2024,11/7/2024,,,0
bastillefestival.com.au,FQDN,50,UNC5518,,,CAMP.24.061,24-10070103,FALSE,9/17/2024,11/7/2024,,,1
betterqualified.com,FQDN,62,UNC5518,,,CAMP.24.061,24-10070103,FALSE,8/23/2024,11/7/2024,,,16
bigfoot99.com,FQDN,54,UNC5518,,,CAMP.24.061,24-10070103,FALSE,10/2/2020,11/7/2024,,,6
blacksportsonline.com,FQDN,24,UNC5518,,,CAMP.24.061,"24-10070103, 25-10005335",FALSE,10/3/2020,2/5/2025,,,0
blog.contentstudio.io,FQDN,46,UNC5518,,,CAMP.24.061,24-10070103,FALSE,5/20/2023,11/7/2024,,,6
blog.teachlr.com,FQDN,56,UNC5518,,,CAMP.24.061,24-10070103,FALSE,5/17/2024,11/7/2024,,,9
bluefrogplumbing.com,FQDN,40,UNC5518,,,CAMP.24.061,"24-10064648, 24-10070103",FALSE,8/17/2021,11/7/2024,,,14
bretagne-balades.com,FQDN,90,UNC5518,,,CAMP.24.061,24-10070103,FALSE,7/9/2024,1/11/2025,,,56
canadianimmigrationservices.org,FQDN,50,UNC5518,,,CAMP.24.061,24-10070103,FALSE,9/20/2024,11/7/2024,,,0
careers-advice-online.com,FQDN,62,UNC5518,,,CAMP.24.061,24-10070103,FALSE,4/26/2024,11/7/2024,,,16
castellodelpoggio.com,FQDN,50,UNC5518,,,CAMP.24.061,24-10070103,FALSE,9/17/2024,11/7/2024,,,0
celebrand.es,FQDN,50,UNC5518,,,CAMP.24.061,24-10070103,FALSE,8/23/2024,11/7/2024,,,0
chamonixskipasses.com,FQDN,50,UNC5518,,,CAMP.24.061,24-10070103,FALSE,8/12/2024,11/7/2024,,,0
chandlersports.co.uk,FQDN,44,UNC5518,,,CAMP.24.061,24-10070103,FALSE,8/23/2024,11/7/2024,,,8
chhimi.com,FQDN,100,UNC5518,,,CAMP.24.061,"24-10063759, 24-10064640, 24-10064648, 24-10070103",TRUE,8/2/2024,11/7/2024,,,100
chicagohilal.org,FQDN,50,UNC5518,,,CAMP.24.061,,FALSE,2/3/2025,2/3/2025,,,0
chicklitplus.com,FQDN,50,UNC5518,,,CAMP.24.061,24-10070103,FALSE,6/17/2024,11/7/2024,,,0
codigonexo.com,FQDN,62,UNC5518,,,CAMP.24.061,24-10070103,FALSE,10/2/2020,11/7/2024,,,16
comicsonline.com,FQDN,50,UNC5518,,,CAMP.24.061,"24-10064640, 24-10064648, 24-10070103",FALSE,9/7/2024,11/7/2024,,,0
comingoutcovenant.com,FQDN,77,UNC5518,,,CAMP.24.061,24-10070103,FALSE,7/7/2024,11/7/2024,,,38
complete-physio.co.uk,FQDN,40,UNC5518,,,CAMP.24.061,24-10070103,FALSE,6/19/2024,11/7/2024,,,13
complete-pilates.co.uk,FQDN,40,UNC5518,,,CAMP.24.061,24-10070103,FALSE,9/17/2024,11/7/2024,,,13
conciencia.org,FQDN,50,UNC5518,,,CAMP.24.061,24-10070103,FALSE,8/23/2024,11/7/2024,,,0
conical-fermenter.com,FQDN,50,UNC5518,,,CAMP.24.061,24-10070103,FALSE,8/13/2021,11/7/2024,,,0
cssp.org,FQDN,44,UNC5518,,,CAMP.24.061,24-10070103,FALSE,10/3/2020,11/7/2024,,,8
daveseminara.com,FQDN,56,UNC5518,,,CAMP.24.061,24-10070103,FALSE,9/17/2024,11/7/2024,,,8
ddesignerr.com,FQDN,50,UNC5518,,,CAMP.24.061,24-10070103,FALSE,8/23/2024,11/7/2024,,,0
denhamlawoffice.com,FQDN,67,UNC5518,,,CAMP.24.061,24-10070103,FALSE,8/15/2024,11/7/2024,,,24
digimind.nl,FQDN,87,UNC5518,,,CAMP.24.061,24-10070103,FALSE,6/5/2024,11/7/2024,,,52
discoverycomm.com,FQDN,50,UNC5518,,,CAMP.24.061,24-10070103,FALSE,5/17/2024,11/7/2024,,,0
dotnetreport.com,FQDN,54,UNC5518,,,CAMP.24.061,24-10070103,FALSE,9/17/2024,11/7/2024,,,6
drcolbert.com,FQDN,63,UNC5518,,,CAMP.24.061,24-10070103,FALSE,10/2/2020,11/7/2024,,,19
e2sky.com,FQDN,100,UNC5518,,,CAMP.24.061,"24-10064648, 24-10070103",TRUE,7/16/2024,11/7/2024,,,70
ecohortum.com,FQDN,62,UNC5518,,,CAMP.24.061,24-10070103,FALSE,4/26/2024,11/7/2024,,,16
edveha.com,FQDN,100,UNC5518,,,CAMP.24.061,"24-10064648, 24-10070103",TRUE,6/18/2024,11/7/2024,,,100
elamoto.com,FQDN,100,UNC5518,,,CAMP.24.061,"24-10064648, 24-10070103",TRUE,4/29/2024,2/24/2025,,,70
eliteforcestaffing.com,FQDN,50,UNC5518,,,CAMP.24.061,24-10070103,FALSE,9/17/2024,11/7/2024,,,0
elitetournaments.com,FQDN,54,UNC5518,,,CAMP.24.061,24-10070103,FALSE,8/15/2021,11/7/2024,,,6
emnac-services.com,FQDN,62,UNC5518,,,CAMP.24.061,24-10070103,FALSE,9/16/2024,11/7/2024,,,16
enzo-itl.com,FQDN,68,UNC5518,,,CAMP.24.061,24-10070103,FALSE,9/12/2024,11/7/2024,,,26
espumadesign.com,FQDN,50,UNC5518,,,CAMP.24.061,24-10070103,FALSE,6/18/2024,11/7/2024,,,0
eventacademy.com,FQDN,50,UNC5518,,,CAMP.24.061,24-10070103,FALSE,6/6/2022,11/7/2024,,,0
evolverangesolutions.com,FQDN,72,UNC5518,,,CAMP.24.061,24-10070103,FALSE,5/14/2024,11/7/2024,,,31
exceptionalindividuals.com,FQDN,40,UNC5518,,,CAMP.24.061,24-10070103,FALSE,6/5/2022,11/7/2024,,,14
experiencebrightwater.ca,FQDN,50,UNC5518,,,CAMP.24.061,24-10070103,FALSE,9/17/2024,11/7/2024,,,1
explorequotes.com,FQDN,56,UNC5518,,,CAMP.24.061,24-10070103,FALSE,5/17/2024,11/7/2024,,,8
factorydirecthousing.com,FQDN,50,UNC5518,,,CAMP.24.061,24-10070103,FALSE,10/18/2024,11/7/2024,,,0
factorydirectmobilehomes.com,FQDN,40,UNC5518,,,CAMP.24.061,24-10070103,FALSE,8/17/2021,11/7/2024,,,14
factoryselecthomecenter.com,FQDN,40,UNC5518,,,CAMP.24.061,24-10070103,FALSE,4/6/2023,11/7/2024,,,14
firstpresbyterianpaulding.com,FQDN,81,UNC5518,,,CAMP.24.061,"24-10061836, 24-10070103",FALSE,8/29/2024,11/7/2024,,,43
fnbsuffield.com,FQDN,100,UNC5518,,,CAMP.24.061,,TRUE,2/21/2025,2/24/2025,,,70
franklinida.com,FQDN,100,UNC5518,,,CAMP.24.061,"24-10069573, 24-10070103",TRUE,10/22/2024,11/7/2024,,,70
frndshtx.com,FQDN,68,UNC5518,,,CAMP.24.061,24-10070103,FALSE,9/12/2024,11/7/2024,,,26
frymax.co.uk,FQDN,40,UNC5518,,,CAMP.24.061,24-10070103,FALSE,9/17/2024,11/7/2024,,,14
global-engage.com,FQDN,40,UNC5518,,,CAMP.24.061,24-10070103,FALSE,10/2/2020,11/7/2024,,,14
gobrightwing.com,FQDN,62,UNC5518,,,CAMP.24.061,24-10070103,FALSE,8/14/2021,11/7/2024,,,16
gofreight.com,FQDN,56,UNC5518,,,CAMP.24.061,24-10070103,FALSE,4/6/2023,11/7/2024,,,8
gov2x.com,FQDN,40,UNC5518,,,CAMP.24.061,24-10070103,FALSE,9/20/2024,11/7/2024,,,14
greyspartners.com,FQDN,92,UNC5518,,,CAMP.24.061,24-10070103,FALSE,8/16/2024,11/7/2024,,,58
hermandaddelosestudiantes.es,FQDN,61,UNC5518,,,CAMP.24.061,24-10070103,FALSE,4/26/2024,11/7/2024,,,16
hmgcreative.com,FQDN,56,UNC5518,,,CAMP.24.061,24-10070103,FALSE,9/17/2024,11/7/2024,,,8
horror-fix.com,FQDN,50,UNC5518,,,CAMP.24.061,24-10070103,FALSE,8/23/2024,11/7/2024,,,0
housingforhouston.com,FQDN,40,UNC5518,,,CAMP.24.061,24-10070103,FALSE,8/16/2021,11/7/2024,,,14
howellcpa-pa.com,FQDN,67,UNC5518,,,CAMP.24.061,24-10070103,FALSE,9/7/2024,11/7/2024,,,24
hungryman.com,FQDN,40,UNC5518,,,CAMP.24.061,24-10070103,FALSE,6/20/2021,11/7/2024,,,14
hypnoticasia.com,FQDN,50,"UNC1543, UNC5518",,,CAMP.24.061,24-10070103,FALSE,9/17/2024,11/7/2024,,,0
iamsahararose.com,FQDN,40,UNC5518,,,CAMP.24.061,24-10070103,FALSE,1/21/2021,11/7/2024,,,14
idioinc.com,FQDN,100,UNC5518,,,CAMP.24.061,,TRUE,2/3/2025,2/6/2025,,,70
imaginativeuniversal.com,FQDN,56,UNC5518,,,CAMP.24.061,24-10070103,FALSE,8/23/2024,11/7/2024,,,8
imvolleyball.org,FQDN,67,UNC5518,,,CAMP.24.061,24-10070103,FALSE,9/17/2024,11/7/2024,,,24
innoutair.com,FQDN,62,UNC5518,,,CAMP.24.061,24-10070103,FALSE,9/5/2024,11/7/2024,,,16
innovationsimple.com,FQDN,50,UNC5518,,,CAMP.24.061,24-10070103,FALSE,9/16/2024,11/7/2024,,,0
innsbrook.com,FQDN,50,UNC5518,,,CAMP.24.061,24-10070103,FALSE,9/17/2024,11/7/2024,,,0
itslife.in,FQDN,56,UNC5518,,,CAMP.24.061,24-10070103,FALSE,6/5/2021,11/7/2024,,,8
jodymassagetherapyclinic.com,FQDN,67,UNC5518,,,CAMP.24.061,24-10070103,FALSE,8/12/2024,11/7/2024,,,24
joelbieber.com,FQDN,50,UNC5518,,,CAMP.24.061,24-10070103,FALSE,1/5/2021,11/7/2024,,,0
keycoopt.com,FQDN,50,UNC5518,,,CAMP.24.061,24-10070103,FALSE,8/23/2024,11/7/2024,,,0
keynesdigital.com,FQDN,50,UNC5518,,,CAMP.24.061,24-10070103,FALSE,6/20/2021,11/7/2024,,,0
killingtondistillery.com,FQDN,50,UNC5518,,,CAMP.24.061,24-10070103,FALSE,9/17/2024,11/7/2024,,,0
knewhealth.com,FQDN,50,UNC5518,,,CAMP.24.061,24-10070103,FALSE,1/17/2023,11/7/2024,,,0
kongtuke.com,FQDN,100,UNC5518,,,CAMP.24.061,"24-10064648, 24-10070103",TRUE,4/26/2024,1/28/2025,,,70
kzdesigngroup.com,FQDN,50,UNC5518,,,CAMP.24.061,24-10070103,FALSE,5/17/2024,11/7/2024,,,0
lamaisonquilting.com,FQDN,91,UNC5518,,,CAMP.24.061,24-10070103,FALSE,8/8/2024,11/7/2024,,,57
lancasterscflyingclub.com,FQDN,50,UNC5518,,,CAMP.24.061,24-10070103,FALSE,8/8/2024,11/7/2024,,,0
lauren-nelson.com,FQDN,56,UNC5518,,,CAMP.24.061,24-10070103,FALSE,9/17/2024,11/7/2024,,,8
levyso.com,FQDN,40,UNC5518,,,CAMP.24.061,24-10070103,FALSE,9/17/2024,11/7/2024,,,14
lifetimeroofing.com,FQDN,50,UNC5518,,,CAMP.24.061,24-10070103,FALSE,8/15/2024,11/7/2024,,,0
liquidarea.com,FQDN,62,UNC5518,,,CAMP.24.061,24-10070103,FALSE,8/23/2024,11/7/2024,,,16
luxlifemiamiblog.com,FQDN,68,UNC5518,,,CAMP.24.061,24-10070103,FALSE,6/5/2021,12/10/2024,,,26
magnoliagreen.com,FQDN,50,UNC5518,,,CAMP.24.061,24-10070103,FALSE,9/17/2024,11/7/2024,,,0
magnotics.com,FQDN,67,UNC5518,,,CAMP.24.061,24-10070103,FALSE,8/12/2024,11/7/2024,,,24
maroc-terroir.com,FQDN,50,UNC5518,,,CAMP.24.061,24-10070103,FALSE,8/23/2024,11/7/2024,,,0
mgssoft.com,FQDN,62,UNC5518,,,CAMP.24.061,24-10070103,FALSE,4/26/2024,11/7/2024,,,16
michiganchronicle.com,FQDN,24,UNC5518,,,CAMP.24.061,"24-10070103, 25-10005335",FALSE,10/2/2020,2/5/2025,,,0
miles-around.de,FQDN,67,UNC5518,,,CAMP.24.061,24-10070103,FALSE,8/23/2024,11/7/2024,,,24
monitor.icef.com,FQDN,26,UNC5518,,,CAMP.24.061,24-10070103,FALSE,8/25/2023,11/7/2024,,,0
monlamdesigns.com,FQDN,50,UNC5518,,,CAMP.24.061,24-10070103,FALSE,6/17/2024,11/7/2024,,,0
montessoriwest.com,FQDN,50,UNC5518,,,CAMP.24.061,24-10070103,FALSE,9/17/2024,11/7/2024,,,0
movinbed.com,FQDN,50,UNC5518,,,CAMP.24.061,24-10070103,FALSE,9/17/2024,11/7/2024,,,0
mraguilarlandscaping.com,FQDN,50,UNC5518,,,CAMP.24.061,24-10070103,FALSE,7/12/2024,11/7/2024,,,0
murfreesborolawyer.com,FQDN,50,UNC5518,,,CAMP.24.061,24-10070103,FALSE,10/2/2020,11/7/2024,,,0
my.networknuts.net,FQDN,50,UNC5518,,,CAMP.24.061,24-10070103,FALSE,5/17/2024,11/7/2024,,,0
mybpg.com,FQDN,40,UNC5518,,,CAMP.24.061,24-10070103,FALSE,8/15/2021,11/7/2024,,,14
myersparkpres.org,FQDN,50,UNC5518,,,CAMP.24.061,24-10070103,FALSE,5/17/2024,11/7/2024,,,0
myrtlebeachgolf.com,FQDN,40,UNC5518,,,CAMP.24.061,24-10070103,FALSE,10/4/2020,11/7/2024,,,14
namidupage.org,FQDN,50,UNC5518,,,CAMP.24.061,24-10070103,FALSE,9/17/2024,11/7/2024,,,0
napcis.org,FQDN,50,UNC5518,,,CAMP.24.061,24-10070103,FALSE,6/28/2024,11/7/2024,,,0
netzwerkreklame.de,FQDN,77,UNC5518,,,CAMP.24.061,24-10070103,FALSE,5/20/2024,11/7/2024,,,37
neuething.org,FQDN,50,UNC5518,,,CAMP.24.061,24-10070103,FALSE,9/17/2024,11/7/2024,,,0
newmusicfriday.com,FQDN,50,UNC5518,,,CAMP.24.061,24-10070103,FALSE,9/17/2024,11/7/2024,,,0
northparkmainstreet.com,FQDN,40,UNC5518,,,CAMP.24.061,24-10070103,FALSE,6/6/2022,11/7/2024,,,14
oldtuberadio.com,FQDN,62,UNC5518,,,CAMP.24.061,24-10070103,FALSE,5/17/2024,11/7/2024,,,17
olivedell.com,FQDN,50,UNC5518,,,CAMP.24.061,24-10070103,FALSE,9/17/2024,11/7/2024,,,0
onania.org,FQDN,50,UNC5518,,,CAMP.24.061,24-10070103,FALSE,9/7/2024,11/7/2024,,,0
onsiteshredding.com,FQDN,50,UNC5518,,,CAMP.24.061,24-10070103,FALSE,9/17/2024,11/7/2024,,,0
orlandparkprayercenter.org,FQDN,56,UNC5518,,,CAMP.24.061,24-10070103,FALSE,9/20/2024,11/7/2024,,,8
outdoornativitystore.com,FQDN,50,UNC5518,,,CAMP.24.061,24-10070103,FALSE,9/17/2024,11/7/2024,,,0
overheaddoorjoplin.com,FQDN,50,UNC5518,,,CAMP.24.061,24-10070103,FALSE,8/2/2024,11/7/2024,,,0
owloween.com,FQDN,67,UNC5518,,,CAMP.24.061,24-10070103,FALSE,6/24/2024,11/7/2024,,,24
pacificballroom.org,FQDN,54,UNC5518,,,CAMP.24.061,24-10070103,FALSE,9/12/2024,11/7/2024,,,6
pamelasandalldesign.com,FQDN,50,UNC5518,,,CAMP.24.061,24-10070103,FALSE,10/1/2020,11/7/2024,,,0
phfi.org,FQDN,40,UNC5518,,,CAMP.24.061,24-10070103,FALSE,10/2/2020,11/7/2024,,,14
portalcarangola.com,FQDN,67,UNC5518,,,CAMP.24.061,24-10070103,FALSE,9/22/2020,11/7/2024,,,24
psafetysolutions.com,FQDN,81,UNC5518,,,CAMP.24.061,24-10070103,FALSE,8/29/2024,11/7/2024,,,43
puntademita-rentals.com,FQDN,50,UNC5518,,,CAMP.24.061,24-10070103,FALSE,9/17/2024,11/7/2024,,,0
pushcg.com,FQDN,100,UNC5518,,,CAMP.24.061,"24-10064648, 24-10067612, 24-10068048, 24-10070103, 25-10006811",TRUE,9/26/2024,2/13/2025,,,70
resf.com,FQDN,50,UNC5518,,,CAMP.24.061,24-10070103,FALSE,9/20/2024,11/7/2024,,,0
retaildatallc.com,FQDN,50,UNC5518,,,CAMP.24.061,24-10070103,FALSE,10/3/2020,11/7/2024,,,0
rm-arquisign.com,FQDN,50,UNC5518,,,CAMP.24.061,"24-10064648, 24-10070103",FALSE,6/27/2024,11/7/2024,,,0
roguemag.co.uk,FQDN,50,UNC5518,,,CAMP.24.061,24-10070103,FALSE,8/23/2024,11/7/2024,,,0
rvthereyet.com,FQDN,84,UNC5518,,,CAMP.24.061,"24-10064640, 24-10070103",FALSE,9/12/2024,11/7/2024,,,48
scanpaq.com,FQDN,100,UNC5518,,,CAMP.24.061,25-10007558,TRUE,2/13/2025,2/24/2025,,,70
sec-group.co.uk,FQDN,44,UNC5518,,,CAMP.24.061,24-10070103,FALSE,9/17/2024,11/7/2024,,,8
seethewhizard.com,FQDN,62,UNC5518,,,CAMP.24.061,24-10070103,FALSE,4/8/2023,11/7/2024,,,16
selectmotors.net,FQDN,62,UNC5518,,,CAMP.24.061,24-10070103,FALSE,4/26/2024,11/7/2024,,,16
septicfl.com,FQDN,92,UNC5518,,,CAMP.24.061,24-10070103,FALSE,6/5/2024,11/7/2024,,,58
servicebasix.com,FQDN,67,UNC5518,,,CAMP.24.061,24-10070103,FALSE,8/29/2024,11/7/2024,,,24
sherirowland.com,FQDN,67,UNC5518,,,CAMP.24.061,24-10070103,FALSE,4/26/2024,11/7/2024,,,24
sicc-srl.com,FQDN,50,UNC5518,,,CAMP.24.061,24-10070103,FALSE,9/16/2024,11/7/2024,,,0
sixpoint.com,FQDN,58,UNC5518,,,CAMP.24.061,24-10070103,FALSE,10/3/2020,11/7/2024,,,11
snallabolaget.com,FQDN,62,UNC5518,,,CAMP.24.061,24-10070103,FALSE,4/26/2024,11/7/2024,,,16
srpkoa.com,FQDN,100,UNC5518,,,CAMP.24.061,,TRUE,3/12/2025,3/13/2025,,,70
staging.federgolf.it,FQDN,44,UNC5518,,,CAMP.24.061,24-10070103,FALSE,5/17/2024,11/7/2024,,,8
streamlineresults.com,FQDN,62,UNC5518,,,CAMP.24.061,24-10070103,FALSE,2/19/2023,11/7/2024,,,17
stylebyemilyhenderson.com,FQDN,24,UNC5518,,,CAMP.24.061,,FALSE,10/3/2020,1/31/2025,,,0
sunkissedindecember.com,FQDN,73,UNC5518,,,CAMP.24.061,24-10070103,FALSE,8/23/2024,11/7/2024,,,31
sustaincharlotte.org,FQDN,81,UNC5518,,,CAMP.24.061,24-10070103,FALSE,5/13/2024,11/7/2024,,,43
tayakay.com,FQDN,100,UNC5518,,,CAMP.24.061,"24-10061836, 24-10064640, 24-10064648, 24-10070103",TRUE,8/29/2024,11/7/2024,,,100
terryrossplumbing.com,FQDN,50,UNC5518,,,CAMP.24.061,24-10070103,FALSE,9/17/2024,11/7/2024,,,0
texasteenbookfestival.org,FQDN,50,UNC5518,,,CAMP.24.061,24-10070103,FALSE,8/5/2024,11/7/2024,,,0
thatcompany.com,FQDN,40,UNC5518,,,CAMP.24.061,24-10070103,FALSE,10/4/2020,11/7/2024,,,14
theawningcompanyca.com,FQDN,50,UNC5518,,,CAMP.24.061,"24-10070103, 24-10071643",FALSE,9/26/2024,11/15/2024,,,0
thedesignsheppard.com,FQDN,40,UNC5518,,,CAMP.24.061,24-10070103,FALSE,10/3/2020,11/7/2024,,,14
thenowmassage.com,FQDN,40,UNC5518,,,CAMP.24.061,24-10070103,FALSE,6/5/2021,11/7/2024,,,14
theplumbingpro.com,FQDN,50,UNC5518,,,CAMP.24.061,24-10070103,FALSE,9/16/2024,11/7/2024,,,0
theutahairshow.com,FQDN,50,UNC5518,,,CAMP.24.061,24-10070103,FALSE,9/20/2024,11/7/2024,,,0
theyard.com,FQDN,40,UNC5518,,,CAMP.24.061,24-10070103,FALSE,10/4/2020,11/7/2024,,,14
tristatecr.com,FQDN,60,UNC5518,,,CAMP.24.061,"24-10064640, 24-10070103",FALSE,9/17/2024,11/7/2024,,,14
trk.buildercms.com,FQDN,44,UNC5518,,,CAMP.24.061,24-10070103,FALSE,9/12/2024,11/7/2024,,,8
true-blood.net,FQDN,56,UNC5518,,,CAMP.24.061,24-10070103,FALSE,6/5/2021,11/7/2024,,,8
tuebora.com,FQDN,50,UNC5518,,,CAMP.24.061,24-10070103,FALSE,3/16/2023,11/7/2024,,,0
tydzien.co.uk,FQDN,50,UNC5518,,,CAMP.24.061,24-10070103,FALSE,8/23/2024,11/7/2024,,,0
tylerstenson.com,FQDN,56,UNC5518,,,CAMP.24.061,24-10070103,FALSE,8/23/2024,11/7/2024,,,8
uhsee.com,FQDN,100,UNC5518,,,CAMP.24.061,"24-10064648, 24-10070103",TRUE,5/14/2024,1/28/2025,,,70
unsolved.com,FQDN,24,UNC5518,,,CAMP.24.061,24-10070103,FALSE,10/2/2020,11/7/2024,,,0
vergleich-portal.de,FQDN,50,UNC5518,,,CAMP.24.061,24-10070103,FALSE,8/23/2024,11/7/2024,,,0
walkerroofingandconstruction.com,FQDN,50,UNC5518,,,CAMP.24.061,24-10070103,FALSE,9/20/2024,11/7/2024,,,0
wallaceclinic.ca,FQDN,50,UNC5518,,,CAMP.24.061,24-10070103,FALSE,9/20/2024,11/7/2024,,,1
wheelpower.org,FQDN,50,UNC5518,,,CAMP.24.061,24-10070103,FALSE,8/23/2024,11/7/2024,,,0
whiskyisrael.co.il,FQDN,50,UNC5518,,,CAMP.24.061,24-10070103,FALSE,8/23/2024,11/7/2024,,,0
wildwoodpress.org,FQDN,72,UNC5518,,,CAMP.24.061,24-10070103,FALSE,6/24/2024,11/7/2024,,,31
willchar.com,FQDN,100,UNC5518,,,CAMP.24.061,25-10013422,TRUE,3/5/2025,3/18/2025,,,70
wilymanager.com,FQDN,62,UNC5518,,,CAMP.24.061,24-10070103,FALSE,8/23/2024,11/7/2024,,,16
worldorphans.org,FQDN,50,UNC5518,,,CAMP.24.061,24-10070103,FALSE,8/8/2024,11/7/2024,,,0
wqenpene.com,FQDN,100,UNC5518,,,CAMP.24.061,25-10013422,TRUE,3/3/2025,3/18/2025,,,70
www.211cny.com,FQDN,50,UNC5518,,,CAMP.24.061,24-10070103,FALSE,9/17/2024,11/7/2024,,,0
www.900biscaynebaymiamicondos.com,FQDN,50,UNC5518,,,CAMP.24.061,24-10070103,FALSE,9/20/2024,11/7/2024,,,0
www.accelloans.com,FQDN,50,UNC5518,,,CAMP.24.061,24-10070103,FALSE,9/17/2024,11/7/2024,,,0
www.accentawnings.com,FQDN,50,UNC5518,,,CAMP.24.061,24-10070103,FALSE,9/17/2024,11/7/2024,,,0
www.acvillage.net,FQDN,50,UNC5518,,,CAMP.24.061,"24-10070103, 24-10075735",FALSE,9/12/2024,12/13/2024,,,0
www.airandheatspecialistsnj.com,FQDN,50,UNC5518,,,CAMP.24.061,24-10070103,FALSE,9/17/2024,11/7/2024,,,0
www.allprostriping.com,FQDN,50,UNC5518,,,CAMP.24.061,24-10070103,FALSE,9/17/2024,11/7/2024,,,0
www.allthingsankara.com,FQDN,62,UNC5518,,,CAMP.24.061,24-10070103,FALSE,4/26/2024,11/7/2024,,,17
www.architectural.masonite.com,FQDN,40,UNC5518,,,CAMP.24.061,24-10070103,FALSE,9/20/2024,11/7/2024,,,0
www.architectureandgovernance.com,FQDN,54,UNC5518,,,CAMP.24.061,24-10070103,FALSE,8/9/2024,9/17/2024,,,6
www.articolite.com,FQDN,56,UNC5518,,,CAMP.24.061,24-10070103,FALSE,5/17/2024,11/7/2024,,,8
www.avvocati-associati.org,FQDN,50,UNC5518,,,CAMP.24.061,24-10070103,FALSE,5/17/2024,11/7/2024,,,0
www.bassomarketingagency.com,FQDN,50,UNC5518,,,CAMP.24.061,"24-10064648, 24-10070103",FALSE,6/28/2024,11/7/2024,,,0
www.belvoirfarm.co.uk,FQDN,39,UNC5518,,,CAMP.24.061,24-10070103,FALSE,9/17/2024,11/7/2024,,,0
www.betterqualified.com,FQDN,56,UNC5518,,,CAMP.24.061,24-10070103,FALSE,4/26/2024,11/7/2024,,,8
www.boatclubtrafalgar.com,FQDN,50,UNC5518,,,CAMP.24.061,24-10070103,FALSE,9/17/2024,11/7/2024,,,0
www.brandamos.com,FQDN,50,UNC5518,,,CAMP.24.061,24-10070103,FALSE,9/17/2024,11/7/2024,,,0
www.brgintl.com,FQDN,50,UNC5518,,,CAMP.24.061,24-10070103,FALSE,9/20/2024,11/7/2024,,,0
www.cantaloop.de,FQDN,56,UNC5518,,,CAMP.24.061,24-10070103,FALSE,5/17/2024,11/7/2024,,,8
www.ccl.org,FQDN,26,UNC5518,,,CAMP.24.061,24-10070103,FALSE,4/5/2023,11/7/2024,,,0
www.cdhcpa.com,FQDN,50,UNC5518,,,CAMP.24.061,24-10070103,FALSE,9/12/2024,11/7/2024,,,0
www.chandlersports.co.uk,FQDN,39,UNC5518,,,CAMP.24.061,24-10070103,FALSE,4/26/2024,11/7/2024,,,0
www.conical-fermenter.com,FQDN,50,UNC5518,,,CAMP.24.061,24-10070103,FALSE,9/20/2024,11/7/2024,,,0
www.cornelius.com,FQDN,50,UNC5518,,,CAMP.24.061,24-10070103,FALSE,9/17/2024,11/7/2024,,,0
www.dces.com,FQDN,44,UNC5518,,,CAMP.24.061,24-10070103,FALSE,9/17/2024,11/7/2024,,,8
www.ddesignerr.com,FQDN,50,UNC5518,,,CAMP.24.061,24-10070103,FALSE,5/17/2024,11/7/2024,,,0
www.digimind.nl,FQDN,50,UNC5518,,,CAMP.24.061,24-10070103,FALSE,6/10/2024,11/7/2024,,,0
www.doctorkiltz.com,FQDN,44,"UNC1543, UNC5518",,,CAMP.24.061,24-10070103,FALSE,8/23/2023,11/7/2024,,,8
www.donshewey.com,FQDN,44,UNC5518,,,CAMP.24.061,24-10070103,FALSE,5/17/2024,11/7/2024,,,8
www.drivenbyboredom.com,FQDN,44,UNC5518,,,CAMP.24.061,24-10070103,FALSE,9/20/2024,11/7/2024,,,8
www.dziennikpolski.co.uk,FQDN,50,UNC5518,,,CAMP.24.061,24-10070103,FALSE,10/1/2024,11/7/2024,,,0
www.eco-bio-systems.de,FQDN,56,UNC5518,,,CAMP.24.061,24-10070103,FALSE,4/26/2024,11/7/2024,,,8
www.ecowas.int,FQDN,31,UNC5518,,,CAMP.24.061,24-10070103,FALSE,4/26/2024,11/7/2024,,,0
www.elitetournaments.com,FQDN,50,UNC5518,,,CAMP.24.061,24-10070103,FALSE,9/20/2024,11/7/2024,,,0
www.eventacademy.com,FQDN,50,UNC5518,,,CAMP.24.061,24-10070103,FALSE,9/20/2024,11/7/2024,,,0
www.experiture.com,FQDN,50,UNC5518,,,CAMP.24.061,"24-10063759, 24-10064648, 24-10070103",FALSE,9/12/2024,11/7/2024,,,1
www.facebeautyscience.com,FQDN,50,UNC5518,,,CAMP.24.061,24-10070103,FALSE,9/17/2024,11/7/2024,,,0
www.facefoundrie.com,FQDN,44,UNC5518,,,CAMP.24.061,24-10070103,FALSE,6/18/2024,11/7/2024,,,8
www.featheredowl.com,FQDN,50,UNC5518,,,CAMP.24.061,24-10070103,FALSE,9/17/2024,11/7/2024,,,0
www.foxcorphousing.com,FQDN,62,UNC5518,,,CAMP.24.061,24-10070103,FALSE,8/12/2024,11/7/2024,,,16
www.genuine-comfort.com,FQDN,50,UNC5518,,,CAMP.24.061,24-10070103,FALSE,9/20/2024,11/7/2024,,,0
www.gobrightwing.com,FQDN,44,UNC5518,,,CAMP.24.061,24-10070103,FALSE,9/20/2024,11/7/2024,,,8
www.godschatroom.com,FQDN,56,UNC5518,,,CAMP.24.061,24-10070103,FALSE,4/26/2024,11/7/2024,,,8
www.gofreight.com,FQDN,56,UNC5518,,,CAMP.24.061,24-10070103,FALSE,9/17/2024,11/7/2024,,,8
www.hayeshvacllc.com,FQDN,50,UNC5518,,,CAMP.24.061,"24-10061836, 24-10070103",FALSE,8/29/2024,11/7/2024,,,0
www.hksusa.com,FQDN,44,UNC5518,,,CAMP.24.061,"24-10064640, 24-10064648, 24-10070103",FALSE,4/6/2023,11/7/2024,,,8
www.hmgcreative.com,FQDN,50,UNC5518,,,CAMP.24.061,24-10070103,FALSE,9/20/2024,11/7/2024,,,0
www.holmantreeservice.com,FQDN,50,UNC5518,,,CAMP.24.061,24-10070103,FALSE,9/17/2024,11/7/2024,,,0
www.horsedrinker.com,FQDN,50,UNC5518,,,CAMP.24.061,24-10070103,FALSE,8/12/2024,11/7/2024,,,0
www.hypnoticasia.com,FQDN,50,"UNC1543, UNC5518",,,CAMP.24.061,"24-10006476, 24-10070103",FALSE,3/14/2024,11/7/2024,,,0
www.iamsahararose.com,FQDN,44,UNC5518,,,CAMP.24.061,24-10070103,FALSE,9/20/2024,11/7/2024,,,8
www.imaginativeuniversal.com,FQDN,50,UNC5518,,,CAMP.24.061,24-10070103,FALSE,4/26/2024,11/7/2024,,,0
www.innsbrook.com,FQDN,50,UNC5518,,,CAMP.24.061,24-10070103,FALSE,9/20/2024,11/7/2024,,,0
www.italvi.it,FQDN,44,UNC5518,,,CAMP.24.061,24-10070103,FALSE,5/17/2024,11/7/2024,,,8
www.itslife.in,FQDN,56,UNC5518,,,CAMP.24.061,24-10070103,FALSE,4/26/2024,11/7/2024,,,8
www.jackpotmobilecasino.co.uk,FQDN,39,UNC5518,,,CAMP.24.061,24-10070103,FALSE,9/17/2024,11/7/2024,,,0
www.jasperpim.com,FQDN,50,UNC5518,,,CAMP.24.061,24-10070103,FALSE,9/17/2024,11/7/2024,,,0
www.keycoopt.com,FQDN,50,UNC5518,,,CAMP.24.061,24-10070103,FALSE,4/26/2024,11/7/2024,,,0
www.leoapexphoto.com,FQDN,62,UNC5518,,,CAMP.24.061,24-10070103,FALSE,8/2/2024,11/7/2024,,,17
www.levyso.com,FQDN,44,UNC5518,,,CAMP.24.061,24-10070103,FALSE,9/20/2024,11/7/2024,,,8
www.lifetimeroofing.com,FQDN,50,UNC5518,,,CAMP.24.061,24-10070103,FALSE,8/15/2024,11/7/2024,,,0
www.liquidarea.com,FQDN,56,UNC5518,,,CAMP.24.061,24-10070103,FALSE,4/26/2024,11/7/2024,,,8
www.londonsugar.com,FQDN,50,UNC5518,,,CAMP.24.061,24-10070103,FALSE,9/20/2024,11/7/2024,,,0
www.loopbackanalytics.com,FQDN,67,UNC5518,,,CAMP.24.061,"24-10068048, 24-10070103",FALSE,10/15/2024,11/7/2024,,,24
www.louisvillemechanical.com,FQDN,54,UNC5518,,,CAMP.24.061,24-10070103,FALSE,9/12/2024,11/7/2024,,,6
www.lsbn.state.la.us,FQDN,27,UNC5518,,,CAMP.24.061,24-10070103,FALSE,9/17/2024,11/7/2024,,,0
www.marketlist.com,FQDN,50,UNC5518,,,CAMP.24.061,24-10070103,FALSE,9/20/2024,11/7/2024,,,0
www.miles-around.de,FQDN,56,UNC5518,,,CAMP.24.061,24-10070103,FALSE,4/26/2024,11/7/2024,,,8
www.mocanyc.org,FQDN,48,"UNC1543, UNC5518",,,CAMP.24.061,24-10070103,FALSE,5/17/2024,11/7/2024,,,2
www.monstercasino.co.uk,FQDN,39,UNC5518,,,CAMP.24.061,"24-10069573, 24-10070103",FALSE,9/17/2024,11/7/2024,,,0
www.mraguilarlandscaping.com,FQDN,50,UNC5518,,,CAMP.24.061,24-10070103,FALSE,7/12/2024,11/7/2024,,,0
www.mrsbrimbles.co.uk,FQDN,44,UNC5518,,,CAMP.24.061,24-10070103,FALSE,4/26/2024,11/7/2024,,,8
www.mybpg.com,FQDN,44,UNC5518,,,CAMP.24.061,24-10070103,FALSE,8/23/2024,11/7/2024,,,8
www.myrtlebeachgolfpackages.co,FQDN,50,UNC5518,,,CAMP.24.061,24-10070103,FALSE,9/12/2024,11/7/2024,,,0
www.myrtlebeachgolfpackages.com,FQDN,50,UNC5518,,,CAMP.24.061,,FALSE,2/3/2025,2/3/2025,,,0
www.napcis.org,FQDN,50,UNC5518,,,CAMP.24.061,24-10070103,FALSE,6/28/2024,11/7/2024,,,0
www.netzwerkreklame.de,FQDN,67,UNC5518,,,CAMP.24.061,"24-10064648, 24-10070103",FALSE,5/17/2024,11/7/2024,,,24
www.nexi.fr,FQDN,50,UNC5518,,,CAMP.24.061,24-10070103,FALSE,4/26/2024,11/7/2024,,,0
www.northviewdental.com,FQDN,50,UNC5518,,,CAMP.24.061,24-10070103,FALSE,9/20/2024,11/7/2024,,,0
www.orthodontie-laurentides.com,FQDN,50,UNC5518,,,CAMP.24.061,24-10070103,FALSE,9/17/2024,11/7/2024,,,0
www.parajohn.com,FQDN,50,UNC5518,,,CAMP.24.061,24-10070103,FALSE,8/13/2024,11/7/2024,,,0
www.parksavers.com,FQDN,50,UNC5518,,,CAMP.24.061,24-10070103,FALSE,4/6/2023,11/7/2024,,,1
www.patio-supply.com,FQDN,56,UNC5518,,,CAMP.24.061,24-10070103,FALSE,4/26/2024,11/7/2024,,,8
www.pawrestling.net,FQDN,50,UNC5518,,,CAMP.24.061,"24-10064648, 24-10070103",FALSE,11/22/2023,11/7/2024,,,0
www.perfectduluthday.com,FQDN,39,UNC5518,,,CAMP.24.061,24-10070103,FALSE,8/22/2023,11/7/2024,,,0
www.phfi.org,FQDN,44,UNC5518,,,CAMP.24.061,24-10070103,FALSE,9/20/2024,11/7/2024,,,8
www.ppcmanagement.com,FQDN,50,UNC5518,,,CAMP.24.061,24-10070103,FALSE,9/17/2024,11/7/2024,,,0
www.progarm.com,FQDN,50,UNC5518,,,CAMP.24.061,24-10070103,FALSE,9/12/2024,11/7/2024,,,0
www.reddiseals.com,FQDN,50,UNC5518,,,CAMP.24.061,24-10070103,FALSE,9/17/2024,11/7/2024,,,0
www.reloadinternet.com,FQDN,50,UNC5518,,,CAMP.24.061,"24-10064648, 24-10070103",FALSE,5/24/2024,11/7/2024,,,0
www.resf.com,FQDN,44,UNC5518,,,CAMP.24.061,24-10070103,FALSE,9/20/2024,11/7/2024,,,8
www.riaa.com,FQDN,20,UNC5518,,,CAMP.24.061,24-10070103,FALSE,1/18/2023,11/7/2024,,,0
www.robertomalca.com,FQDN,50,UNC5518,,,CAMP.24.061,"24-10063759, 24-10064648, 24-10070103",FALSE,7/9/2024,11/7/2024,,,0
www.roguemag.co.uk,FQDN,51,UNC5518,,,CAMP.24.061,24-10070103,FALSE,4/26/2024,11/7/2024,,,1
www.seethewhizard.com,FQDN,62,UNC5518,,,CAMP.24.061,24-10070103,FALSE,4/26/2024,11/7/2024,,,17
www.seocompany.com,FQDN,50,UNC5518,,,CAMP.24.061,24-10070103,FALSE,9/17/2024,11/7/2024,,,0
www.siquri.com,FQDN,50,UNC5518,,,CAMP.24.061,24-10070103,FALSE,9/20/2024,11/7/2024,,,0
www.smilemountainview.com,FQDN,50,UNC5518,,,CAMP.24.061,24-10070103,FALSE,9/20/2024,11/7/2024,,,0
www.sramanamitra.com,FQDN,44,UNC5518,,,CAMP.24.061,24-10070103,FALSE,8/12/2024,11/7/2024,,,8
www.sunkissedindecember.com,FQDN,62,UNC5518,,,CAMP.24.061,24-10070103,FALSE,4/26/2024,11/7/2024,,,17
www.system-scale.com,FQDN,50,UNC5518,,,CAMP.24.061,24-10070103,FALSE,9/12/2024,11/7/2024,,,0
www.technitrad.com,FQDN,50,UNC5518,,,CAMP.24.061,24-10070103,FALSE,8/7/2024,11/7/2024,,,0
www.thatcompany.com,FQDN,39,UNC5518,,,CAMP.24.061,24-10070103,FALSE,9/26/2024,11/7/2024,,,0
www.thecreativemom.com,FQDN,44,UNC5518,,,CAMP.24.061,24-10070103,FALSE,5/17/2024,11/7/2024,,,8
www.thedesignsheppard.com,FQDN,44,UNC5518,,,CAMP.24.061,24-10070103,FALSE,8/23/2024,11/7/2024,,,8
www.theskininstitute.org,FQDN,50,UNC5518,,,CAMP.24.061,24-10070103,FALSE,9/20/2024,11/7/2024,,,0
www.thetrafalgargroup.co.uk,FQDN,39,UNC5518,,,CAMP.24.061,24-10070103,FALSE,9/17/2024,11/7/2024,,,0
www.thetruthaboutguns.com,FQDN,31,UNC5518,,,CAMP.24.061,24-10070103,FALSE,10/9/2022,11/7/2024,,,0
www.tradedirectory.com,FQDN,50,UNC5518,,,CAMP.24.061,24-10070103,FALSE,9/20/2024,11/7/2024,,,0
www.tydzien.co.uk,FQDN,49,UNC5518,,,CAMP.24.061,24-10070103,FALSE,4/26/2024,11/7/2024,,,2
www.tylerstenson.com,FQDN,56,UNC5518,,,CAMP.24.061,24-10070103,FALSE,8/23/2024,11/7/2024,,,8
www.ultrasound-guided-injections.co.uk,FQDN,44,UNC5518,,,CAMP.24.061,24-10070103,FALSE,9/17/2024,11/7/2024,,,8
www.unsolved.com,FQDN,40,UNC5518,,,CAMP.24.061,24-10070103,FALSE,9/20/2024,11/7/2024,,,0
www.urbis-realestate.com,FQDN,56,UNC5518,,,CAMP.24.061,24-10070103,FALSE,9/7/2024,11/7/2024,,,8
www.venetiannj.com,FQDN,50,UNC5518,,,CAMP.24.061,24-10070103,FALSE,9/17/2024,11/7/2024,,,0
www.vergleich-portal.de,FQDN,44,UNC5518,,,CAMP.24.061,24-10070103,FALSE,5/17/2024,11/7/2024,,,8
www.viclaser.com.au,FQDN,44,UNC5518,,,CAMP.24.061,24-10070103,FALSE,9/7/2024,11/7/2024,,,8
www.visitarundel.co.uk,FQDN,63,UNC5518,,,CAMP.24.061,24-10070103,FALSE,9/20/2024,3/3/2025,,,18
www.wefinanceanycar.com,FQDN,50,UNC5518,,,CAMP.24.061,24-10070103,FALSE,9/12/2024,11/7/2024,,,0
www.wheelpower.org,FQDN,50,UNC5518,,,CAMP.24.061,24-10070103,FALSE,5/17/2024,11/7/2024,,,0
www.whiskyisrael.co.il,FQDN,56,UNC5518,,,CAMP.24.061,24-10070103,FALSE,4/26/2024,11/7/2024,,,8
www.wilymanager.com,FQDN,50,UNC5518,,,CAMP.24.061,24-10070103,FALSE,4/26/2024,11/7/2024,,,0
www.wunderstudios.com,FQDN,50,UNC5518,,,CAMP.24.061,24-10070103,FALSE,5/17/2024,11/7/2024,,,0
www.zoninusa.com,FQDN,50,UNC5518,,,CAMP.24.061,24-10070103,FALSE,9/20/2024,11/7/2024,,,0
xxxbios.com,FQDN,24,UNC5518,,,CAMP.24.061,24-10070103,FALSE,10/2/2020,11/7/2024,,,0
yellowtail.tech,FQDN,50,UNC5518,,,CAMP.24.061,24-10070103,FALSE,9/17/2024,11/7/2024,,,0
zcaas.totem.tech,FQDN,50,UNC5518,,,CAMP.24.061,24-10070103,FALSE,9/20/2024,11/7/2024,,,0
zoninusa.com,FQDN,50,UNC5518,,,CAMP.24.061,24-10070103,FALSE,9/17/2024,11/7/2024,,,0
zoomzle.com,FQDN,100,UNC5518,,,CAMP.24.061,"24-10064648, 24-10070103",TRUE,5/15/2024,11/7/2024,,,70
138.199.161.141,IPV4,100,"UNC5518, UNC5774",,,"CAMP.24.061, CAMP.24.062",,FALSE,3/17/2025,3/17/2025,,,0
172.208.117.89,IPV4,27,,,,CAMP.24.061,"24-10061836, 24-10070103",FALSE,8/28/2024,11/7/2024,,,0
185.49.69.41,IPV4,100,,QUICKBIND,,CAMP.24.061,"24-10014222, 24-10064648, 24-10070103",FALSE,4/8/2023,12/9/2024,,,100
207.174.28.223,IPV4,75,UNC5833,,,CAMP.24.061,24-10070103,TRUE,6/24/2024,11/7/2024,,,50
38.135.52.140,IPV4,75,UNC3319,,,CAMP.24.061,24-10070103,TRUE,6/17/2024,1/15/2025,,,50
45.11.59.216,IPV4,58,,,,CAMP.24.061,24-10070103,FALSE,8/8/2024,11/7/2024,,,11
45.11.59.217,IPV4,67,,,,CAMP.24.061,"24-10064648, 24-10070103",FALSE,7/8/2024,11/7/2024,,,25
45.141.87.218,IPV4,100,,ARECHCLIENT2,,CAMP.24.061,"24-10064648, 24-10070103",FALSE,2/22/2021,11/7/2024,,,100
45.82.84.13,IPV4,37,,,,CAMP.24.061,24-10070103,FALSE,1/17/2024,11/7/2024,,,0
64.94.84.217,IPV4,100,"UNC4108, UNC5518, UNC5774",,,"CAMP.24.061, CAMP.24.062",25-10013422,FALSE,3/30/2024,3/18/2025,,,70
67.217.228.193,IPV4,45,UNC5518,,,CAMP.24.061,,FALSE,1/5/2025,2/24/2025,,,1
005f2ec24501dcc2a6cecd33c6c66df4,MD5,100,,"ARECHCLIENT2, BANANAJAR",,CAMP.24.061,"24-10064648, 24-10070103",FALSE,6/26/2024,11/7/2024,30d078e2d76300f3d6b5a96859fead87f55d48e2,0a2bcedd65e2751240675c4cf7ed266b0f6d7e1a871d7f9f0243bd8833b141ae,100
008d9244e4a469cee1ef9693948a6f74,MD5,100,UNC5518,FAKETREFF,,CAMP.24.061,24-10070103,TRUE,6/21/2024,11/7/2024,bc85b530fbaf94abe7aba3b6340b298d55b4650b,c2949f38db5c7a55fa89848495bf0204bac5010bbefd775d69adbe40efb517b4,100
055edb84929d6d42407623cb3c197a18,MD5,100,UNC5518,FAKETREFF,,CAMP.24.061,24-10070103,TRUE,6/18/2024,11/7/2024,25ed46175248639c7522c5bd72e297943caa57c5,c3a1c63ead9e38cd8729dc0204da5ceb9dd4d2cf2f0d21349e43fe2d5a6879e3,100
06a6bc8bc98213d770acffb7b28b6abb,MD5,100,"UNC4536, UNC5817",,,CAMP.24.061,"24-10061836, 24-10070103",FALSE,8/29/2024,11/7/2024,f844e720dd766f9acf89fb92434ec6e75adce09b,e145db8668b15278cc55b723df9f296103ef2ea3511d90e2bbb2ffa5291d4ae4,70
09f049b1a34ad11c7b4208b63d3a58d2,MD5,100,UNC4536,,,CAMP.24.061,24-10070103,FALSE,9/6/2024,11/7/2024,16c2037d2d4dffaa34b9e00e54c0b281c2902ce6,e8c56706296175195a03348b9cd5064e60c36fdeaa6e5fd7b5614ca6bca1c3f8,70
0a4163af8715c29670fed0e3419560b9,MD5,100,UNC5518,,,CAMP.24.061,24-10070103,TRUE,6/21/2024,11/7/2024,52e78c7ec214a9e85cec00b5da941a71a27ba79d,bd6f3062e29b2b32dd5fc8a4273de947a59569bb9b7dd4e6d9f643e4c7e97e20,100
0a870cceadf7c598917af638d3fc2738,MD5,100,,,,CAMP.24.061,24-10070103,FALSE,8/8/2024,11/7/2024,8d4f3f452fa2e8d9b463d9d7fa9c2df8871c1bb8,69491d6ffdd6ae61f2794743805fec409c9fbe9e654a18d91eb3afc3f0a86bf8,70
0b3d8105fc41a63d70565e0f7a790a7f,MD5,100,UNC5833,,,CAMP.24.061,24-10070103,FALSE,6/24/2024,11/7/2024,c66008a66abd255a35b003e708d8a5f7d8fc54b9,167fdbfa94e3b7d19a88dd3055047579594e2f8ae06cb18af68bef8949bcaf92,70
0b4fa664e5a85e2fd125d95fc7141487,MD5,100,UNC4536,,,CAMP.24.061,24-10070103,FALSE,6/25/2024,11/7/2024,7c95234f98b01fe7e4d7d58e0749b3129028fd60,63629c87fe460abb657a504bb9786b913b1250288681520cee9e9fbcb14e888f,70
0d1fbf4aaf09e6e279f5a159fb5be297,MD5,100,UNC4536,,,CAMP.24.061,"24-10064648, 24-10070103",FALSE,7/3/2024,11/7/2024,873a1a2f87b4b58097971eb28709e09f26c419dc,0c46fd6353f75a8dec81adca9f35e839bd8a7ac9490b947374e3c1e3b24e0f79,70
1146508f902c72301b5e467e46cd1171,MD5,100,UNC5518,,,CAMP.24.061,24-10070103,TRUE,6/24/2024,11/7/2024,44f59221a79afb1f524af78e3309c568f28d3eca,750ae8eb0a8da0168fd26b367800e85bdd494b9671a125aa63acda8481b72fc9,100
11642d1cb2049776479cb5f0ef5f28a1,MD5,100,,ARECHCLIENT2,,CAMP.24.061,"24-10064648, 24-10070103",FALSE,6/27/2024,11/7/2024,a8eeefa83ffedfa973828fb1bcfc8c80c329e882,236b496d5c46664317a551cb8d0f4f5858a10a40fa2986b50cbe6646a75d468b,100
11ca90933ca348438bebc064b481127d,MD5,100,UNC5518,FAKETREFF,,CAMP.24.061,"24-10064648, 24-10070103",TRUE,7/8/2024,11/7/2024,c6c215546f6805ce0cd6389d62af0ea4018ef347,9ef36c07927ecc604a38fab0c15d90ede423a1a161e385ece56e86cf9f2a5cf9,100
13ceaed085a9b96350f8f9a8c7efdb70,MD5,100,UNC4536,,,CAMP.24.061,24-10070103,FALSE,8/8/2024,11/7/2024,16fab544cf854e89a1a97db14b5220c644109a22,062c0a5c8f484bc975b3e5490718cc5c7f732f7f53ce35d81e94cd83c273f78b,70
17db480ebdd49ad962f7dac358bff36e,MD5,31,,,,CAMP.24.061,,FALSE,9/10/2024,9/10/2024,2c70f9adc05fdd6461e7bc0af5cf0cc6e5c8ef20,3c4dd40fad04ee8f827fa3348d26c92ed41abbf6ae6c3fbeccf78cce54b09b21,0
19603b831ac0df6101a72716dfd68deb,MD5,100,,,,CAMP.24.061,"24-10061836, 24-10070103",FALSE,8/29/2024,11/7/2024,fd7dfe12c025b9f61e6a08a7f54770655ff323b5,8a108b6be150b595f99c6dd2988f4ca261a1b49770141937b1e9992ba1b4fe69,70
1a7e50ce9a691cf96328b923c0f54fe3,MD5,100,,,,CAMP.24.061,24-10070103,FALSE,8/12/2024,11/7/2024,24386b8c16c56b57e27d4ebae86361461a31e09a,6e996dd0ac1ee37d990130a743b0732b1bc0c67f38dfe9d4b51c20ad4d4f0a12,70
1b02d2b840b8aa98424858babd2f9e10,MD5,100,,,,CAMP.24.061,24-10070103,FALSE,8/8/2024,11/7/2024,99d9572aacadf49433987539671d45dbdc993453,2c7dfd1294f75d97d17e10afb91c8372e68942cf15a6384c360fbd31cad864b7,70
1b4ddb3fcec6ba9ce7343cf5d28098b1,MD5,100,UNC5833,,,CAMP.24.061,24-10070103,FALSE,10/2/2024,1/23/2025,ea2ce0a23f8f2d71704a9246e55ae74c1b180f49,8abc8c92ebfe78f54e7488a467d1b6e90d28382067b49a954e31133691112eba,70
1de0363c59a39c9ed0817fa8a7ef560f,MD5,100,UNC4536,,,"CAMP.23.052, CAMP.24.061",24-10070103,TRUE,6/24/2024,11/7/2024,24b15acaa8b4a042d4f0b16958d95eafbb125047,849ae4dc34c03c44445dfb41429479d8bad7d6a271e352f72625935c8294686e,100
1e8f0540e60a785c27e15b412b8fc529,MD5,100,UNC5518,FAKETREFF,,CAMP.24.061,"24-10064648, 24-10070103",TRUE,9/12/2024,11/7/2024,a0742ec83ba0bddd8cb017705618f42bbedafaac,881ad83f9d1c2b005a22fee19b77a8e9928b1f4e26be6154319c02e02cae1995,100
1f53e73bb490713b3c1110fae4e7c47d,MD5,100,,DARKGATE,,CAMP.24.061,"24-10064640, 24-10064648, 24-10070103",FALSE,9/23/2024,11/7/2024,ed81a7d7eb4424d7cb640b712b78295da13705c9,1577d3a0157bc9470acd8d6ee6032000648dc7bf007eb5e8d2db4fa7589e896d,100
211f0fe29caf7553d804c67c32f0b33f,MD5,100,,DARKGATE,,CAMP.24.061,"24-10064648, 24-10070103",FALSE,9/23/2024,11/7/2024,93c97e4cce2ed563f59f01694a3b983376a94d39,c92d612e952c38b9dd2cd8f0e1e2e66e4664b1df5ec6edd41b1810263286574a,100
246a1f5fcd25d437594e599b18eb24e4,MD5,100,,,,CAMP.24.061,24-10070103,FALSE,8/12/2024,11/7/2024,9351c4687af802e2f5ffce6c379c9e4b5ecf1d92,df9b7e5afd948ef735236e41bcbf275e25c1c52e4947cb0812b4805f14591be4,70
2a6ede3bb279e1100aa0c409b60196f5,MD5,100,,,,CAMP.24.061,24-10070103,FALSE,8/8/2024,11/7/2024,c4f9348caca75aa15aeb80018e1eaf48095035a8,a15afda37c6f734f665990fac6ac267abe4c40eddcba2a5584dcedecd6601bad,70
2d47dd1c258ea4dd1e6ddd979a93b65a,MD5,100,UNC5518,FAKETREFF,,CAMP.24.061,"24-10064648, 24-10070103",TRUE,5/24/2024,11/7/2024,1a49b5214cfe0cd700d40d47fbe6c2188bbd593d,83a57697414db5b88a59777964c720ee91768817d7a258d36d75c3295e1aa0ac,100
30aa4afdd6ef7c1fa1912a31ea61114a,MD5,100,UNC4536,DARKGATE,,CAMP.24.061,"24-10064640, 24-10064648, 24-10070103",FALSE,9/23/2024,11/7/2024,6a0a0ec712b471cba55e701b6008ad27bd9bd1e4,fd7fc93e57fa76a036b73ce21ae615d99aa2a0ca45b96973b7dab63d21e5ffc6,100
36c88723d01348d0fb26ad3571812c07,MD5,100,UNC5833,,,CAMP.24.061,24-10070103,FALSE,6/24/2024,11/7/2024,e8b55cab8eab384ffcea359eaa7f581e20a33a38,7f7a09ea03b517bd23235e348c2844e71a3191b4acc1786846b6600cec4a415e,70
39891613f22ad8059f80a522243fcafa,MD5,100,UNC5833,,,CAMP.24.061,24-10070103,FALSE,6/24/2024,11/7/2024,332726231f93adbe5210c8657466a8c42dd6aea5,ad08de3935bc7d5d71af237f595adf4eafe058922d12ab720242b68af4709b00,70
3a0ef7cf40cc50d47cb956fce8baa456,MD5,100,UNC4536,,,CAMP.24.061,"24-10064648, 24-10070103",FALSE,7/8/2024,11/7/2024,381b421b49f88e035b274711d315050f83c43e22,2bd6b5cbeddab8b01e14ed4c073afdbd4316340aada77e3e55ba5e1af21652f7,70
3edaa99f37ad0304e446695a8865b0d0,MD5,100,,,,CAMP.24.061,24-10070103,FALSE,8/12/2024,11/7/2024,0b16d5f789154c965833dbe68971d53114613bdf,ebe049d4f192145fb405744bb2aa71f4769ba2716a1c076eff098b3f31e7445a,70
4043d290514904142269e2d3cbd2aadc,MD5,100,UNC5518,FAKETREFF,,CAMP.24.061,24-10070103,TRUE,6/25/2024,11/7/2024,731a362cd735e5abfa81b97635c37dcfe24d6d69,ee43eebb7d920d6b90867b54e41f98346d601804d99f31337eee8df1fe447b6b,100
405b3920863a3824113bc7d6769181c6,MD5,100,UNC5833,,,CAMP.24.061,24-10070103,TRUE,6/24/2024,11/7/2024,34d5acbf5e2bee49588adffc3a3acf26a0ff5aef,c221e9d616158cddfa2f768d3e3004ced7bfea7af4ab92a6afbb8652499c5d88,100
441dc8b4abb3d44217a99a11ed8041d6,MD5,100,UNC5518,,,CAMP.24.061,"24-10064648, 24-10070103",TRUE,9/23/2024,11/7/2024,8adeca40c6bac0201aa52d55c0e58667edd0c305,abdfa16666dec4a4b9003f167f380f117e53abdedff03bb8c50e36bef0f9f9af,100
44a57cf5e2f596cf027d2a9db8879e98,MD5,100,UNC4536,,,"CAMP.23.052, CAMP.24.061",24-10070103,FALSE,6/18/2024,11/7/2024,80241503d5ccbf8c8eb2dc814742c523fca0d1b8,fa0491b6afaf69793bcf67a491202375d205a7e7d6a60112dbb82d107eae30cb,70
45f350fa648054ea7565cba46c505bcc,MD5,100,UNC5518,FAKETREFF,,CAMP.24.061,"24-10064640, 24-10064648, 24-10070103",TRUE,9/23/2024,11/7/2024,313952d0ff65869912da40c21d02b0adf0cc409d,722dd2f4fa63ed3572226d0ed261192ae75b6a9d86a6154c7234cc3fce682c20,100
4df7afb5dad6869669256d3e9253ccc1,MD5,100,UNC5518,,,CAMP.24.061,"24-10064648, 24-10070103",TRUE,9/13/2024,11/7/2024,b6111a4cbb8ef91d43e82f4f52acc33501e6c30b,4b9ebbc240708d5e11fd53313ed590203c9b89d1760501d3b927f0d670e9a21c,100
54e8bfa6a96da80d8165bd8373a22af3,MD5,100,,QUICKBIND,,CAMP.24.061,24-10070103,FALSE,6/19/2024,11/7/2024,589f1891f790fdab849dad1d90054a2a370e47eb,62b8a605872e7b4c4b3ce2a6fff5e36aa26aba2199e971a14fbbedf044f04555,100
582b9f67bae76cf30a60d861ea71011a,MD5,100,UNC5518,FAKETREFF,,CAMP.24.061,"24-10064640, 24-10070103",TRUE,9/17/2024,11/7/2024,e609e514adf2c189ce3a718c51138c08e9d261ca,ed18f8c9024dda0bd139bfc12ea06c31d570a8d0f27e13d841212aa204d5dda5,100
5b1daad93dd2f775142255a8718d3ceb,MD5,100,UNC5518,,,CAMP.24.061,"24-10063759, 24-10064640, 24-10064648, 24-10070103",TRUE,8/8/2024,11/7/2024,f9d60820f14ed343e73659d08f2e51244cade5bf,b5793849584cddacb407c191dd2b8913c67d09c70b4f7e00bda8d98ff0c7d905,100
610e029cb014dcec9c079ca11020c333,MD5,100,UNC4536,,,CAMP.24.061,24-10070103,FALSE,7/9/2024,11/7/2024,d002071bd7dbe9ef91a843b87a56c156837015f1,4c2f8feced7768f756ac7d4fa633b08fd61f0ba198c860fa4f1093dedbf060d2,70
638179550e32fcbcf277224b81a0b6d6,MD5,100,UNC5518,,,CAMP.24.061,,TRUE,3/3/2025,3/3/2025,a9dd594a3b429ebf826a9449a8d7f8897af0c548,893b7f1036172dc59ebd5aab717f87fc44f3b1bb5bbbff60996fb996794b277e,100
67c5c2526d207b6a0c499028b425d2fa,MD5,100,UNC5518,,,CAMP.24.061,24-10070103,TRUE,8/29/2024,11/7/2024,e6632bc56db0b7e92792dc6e9ca8b1aecea6a3dc,f07e02eb6dcebbf3e178fa100339946bc03b06738969b99f79b50e2518477d73,100
6b2967c10a6dae84d480e394e99fda85,MD5,50,UNC5833,,,CAMP.24.061,24-10070103,FALSE,10/17/2024,11/7/2024,24bce0a4f4996d52b2750305a4a9e1dce61e934b,a5a648acece665fa80281a08585ae1593f36068822a8e2c54e140a58116497e0,0
6c4c39f576f83c7a49f1cfdcbd59f245,MD5,100,UNC5518,,,CAMP.24.061,24-10070103,TRUE,8/8/2024,11/7/2024,48a251a500e0508d549ac441cb04d335ba34c98e,6f9bf63e6693376d8992761eb42524fd04ae63917d04e9a4e11bca31d8084474,100
6d8696b3348a914186646694a5412ab1,MD5,100,UNC5518,,,CAMP.24.061,24-10070103,TRUE,10/16/2024,11/7/2024,91dff16bdee1d56540fe719e6e35e46aa8277f31,6953f4982cb2eae91e2dd6701b3bfc1c4cc2ebd7ee763688d8d25a87b9eb2cf7,100
6de8d9b925c65952c191f6bc954d5e60,MD5,100,UNC5518,,,CAMP.24.061,24-10070103,TRUE,6/18/2024,11/7/2024,f1d746458f105dcfa9948ab8a4ab71af70f45abb,896b2f76675bd8e0ec93470a9cca72f843b3b33fcfdfa0821e1c3049e0a541c6,100
6fdf307b7c3fcb5959470597acac9b1e,MD5,100,,,,CAMP.24.061,24-10070103,FALSE,8/12/2024,11/7/2024,471a3a11e427ea2872498569ed57833f5ef5a6b8,e9b76808d7822bc2beb014936e87f19b9a4bf961560e5b3f76c5d1928823ce2c,70
760ccce32e823eed2e97ab344b4e3205,MD5,100,,,,CAMP.24.061,"24-10064648, 24-10070103",FALSE,5/23/2024,11/7/2024,e785a86040be0268be81cdfc0242b05f84903114,b445f7513174e3906f8688a59ec53e472bb2f6ea63ddacf127cf0c435e6a9979,70
7b957a1da93dac34f1d0a13dbee1d3ad,MD5,100,UNC5518,,,CAMP.24.061,25-10007558,TRUE,2/17/2025,2/20/2025,3aa4e50286069d29483ea76beafb607b07df9e38,df4195abfb1d9e69eadcf12404067629e2c07fde7138af21b8777fcfc0b8bd68,100
836818e56aec7caf282287d9cac4663b,MD5,100,UNC4536,,,CAMP.24.061,"24-10061836, 24-10070103",FALSE,8/29/2024,11/7/2024,457dc99bd92cee8ed86c9d171f1223e1f7a9f8da,7363086b152422c99618377e384874a17a708d9eb217c0a7c6f8b6f3216f1e4c,70
840e863f3c99ec63155bcb043ae53466,MD5,100,UNC5833,,,CAMP.24.061,24-10070103,FALSE,6/24/2024,11/7/2024,f6eefa77dbb37d088654e8149cd3accdca190afa,7a2939ea1f3b04ba6a726ad5c957cf0d82c757f870422b2ba3ec16f13914c8c0,70
84311b11dde5fbaa2bad02b4cfac8767,MD5,100,,,,CAMP.24.061,24-10070103,FALSE,6/18/2024,11/7/2024,f15f2745bb6632158132b2b9d8ae06cad5a1c3b1,207bbb927354bc7b42db49e985943cb10931a2d27c45ef2c6fc393d16a01c676,70
85acc5a3758583d84a2b104c3c05a19d,MD5,100,"UNC5518, UNC5774",CORNFLAKE,,CAMP.24.061,"24-10063759, 24-10064648, 24-10070103",FALSE,9/12/2024,11/7/2024,a0c887b1081759aea723c8268f798089fdc176a6,a0fdc1beb7acceddb9b04bc4cff54d644cc97f53dcfc6189052484d437f6af63,100
88876fc6d8cae0cead206ef5e7f4647e,MD5,100,,ARECHCLIENT2,,CAMP.24.061,"24-10064648, 24-10070103",FALSE,6/27/2024,11/7/2024,935ad7021ecac6d587cd68be7ef1e616beeba15c,13df4eed9252d2c624006dbe53cebc9cf4c889b7ff0c4fd3909454f3edfc9f89,100
889bfaf82833015fe6cb81d50d4a8b70,MD5,100,,QUICKBIND,,CAMP.24.061,"24-10014222, 24-10070103",FALSE,5/16/2024,11/7/2024,1c1d502e73451f4c8d09482fd59222c8a6f686e8,5970ba228d2afe2031b8e8c17ba284746ebb9066f0ccb8e1fe33a6e3927a6c97,100
8a73fd3c149e981de278a1d2cd0478ea,MD5,100,,,,CAMP.24.061,24-10070103,FALSE,8/12/2024,11/7/2024,b3822fa6c739037a689bf70dcd20b2ed9199176c,27567140d447dc662a178989be84d50c40233d6958251c02a02c097f6650024d,70
8ccf6e48807afdf1ae0304fddaa232c8,MD5,100,UNC4536,,,"CAMP.23.052, CAMP.24.061",24-10070103,FALSE,6/18/2024,11/7/2024,8f9f24a7856de7845f8bd3a389182fd3847f1298,08d4a681aadff5681947514509c1f2af10ff8161950df2ae7f8ee214213edc17,70
945b8203250ccdfc10da5fe206664f32,MD5,100,UNC4536,,,CAMP.24.061,24-10070103,FALSE,8/12/2024,11/7/2024,776ea534c80d468e4d87b1d57a1fb2c64f2265c6,ff6d88f53f2a08107c08729f2698f75cc759f3c423fe6e5b99b2c32d7c40f8a4,70
948ac25b9780eb7a4398b0e50abfa674,MD5,100,UNC5518,FAKETREFF,,CAMP.24.061,25-10013422,TRUE,3/3/2025,3/18/2025,7869f02a10fe86a9d63e640e11f3116e83c81082,160506d7ccb7253ca3fff93962c8eb88d5fe6ae5165760cc9327c705535cfbd2,100
9766f6a01e1432e599c2d78596b7edd9,MD5,100,UNC5518,,,CAMP.24.061,24-10070103,TRUE,9/17/2024,11/7/2024,a151356521449034bcf118abc25ed0b600a258d9,37da453a8b71107ac2570dd826593c769bf19f18d782aeeb2e73817f7bb2e7c6,100
9827f72f78b58e02a2fec442d018cd95,MD5,100,UNC5518,,,CAMP.24.061,25-10013422,TRUE,3/3/2025,3/18/2025,3d332d9c656eec263cbcd21cc7927cef88c6ca0c,c18f3dd73eb0fb4fb97699cf8fe23c7437b756a422211093134db194ff316b0b,100
9918d7fdfb45a51806900e0f90c3ebe5,MD5,100,,,,CAMP.24.061,"24-10061836, 24-10070103",FALSE,8/29/2024,11/7/2024,7b4078861f0c0fbd9c171beae81d6d356a9d0912,b7825756ddd36a59c94431a5618522adb9d0b00a1517905b671df3f8770c4b25,70
9be854758878966e7523d5018999563f,MD5,100,,,,CAMP.24.061,"24-10064648, 24-10070103",FALSE,7/8/2024,11/7/2024,19678ec416e7b1efad6fa1922e19498a642dad99,926ef4e22a3709d05207a8bfc84c74598580f56ef04b9ffbd54dfc4dfc19c2f6,70
9c576177adb3850559f6442b48153272,MD5,100,,,,CAMP.24.061,"24-10061836, 24-10070103",FALSE,8/29/2024,11/7/2024,ec9db9b770b8b55803873f8e8a345d02f6fbb1ba,81db084606ab3da2101f8c7ee63adbcbbf5f56d89db1cb02ec83f3fce36a96c3,70
9d4ae45f24b155890e5811a51f3e8a70,MD5,100,UNC5518,,,CAMP.24.061,"24-10064648, 24-10070103",TRUE,5/24/2024,11/7/2024,20e7b897b83696768bd6f86ed7fbe6386f886027,fb27539b7b6062d8d7600033ac3101bcf5bea8cd33867caf939e4ac4fef90180,100
9d7500f2254985f5b0a93fd45024fc9f,MD5,100,UNC5518,FAKETREFF,,CAMP.24.061,24-10070103,TRUE,7/9/2024,11/7/2024,4a6cc3b36836e8985093b5ab9e4defaa5df7d324,755da68c173da3f12289a03cb789c82da5a97bbd6696654391ffa6c656d8e127,100
9f6ee2c6f4ed14720a8278319e392e1f,MD5,100,,,,CAMP.24.061,24-10070103,FALSE,5/16/2024,2/21/2025,54dda1fd2f4a2ee15fa67bc4320ea3e46ef08ef3,a9d4c7713c9e395391d66becd2632bd47b420ba29ddda30ea6bc4686c126cc4e,70
9fd76d76972c432871ae7caa0a5dbd25,MD5,100,,,,CAMP.24.061,24-10070103,FALSE,6/18/2024,11/7/2024,b057f9ce9a20ca8cebf4cbc2a439f979b922635c,67ee25ede866a4c3daaa433f5b2bfb0e8323b8ff28cbb85754b7ba092444b755,70
a4cef3ccebbe0a70d435db9c64ad9dd1,MD5,100,,DARKGATE,,CAMP.24.061,"24-10064648, 24-10070103",FALSE,9/23/2024,11/7/2024,13e3f07c1d9882ce94a831b88b64e5c01bccee4a,cddac3a95e45013069961ec8f946ea5900071690e5bdc5d6868a1936ba05b415,100
ad52327dc629862b37f6d76a4e294471,MD5,100,,,,CAMP.24.061,"24-10064648, 24-10070103",FALSE,7/8/2024,11/7/2024,a193c41748a46e2706453846766848e4a708b54c,f4ee953eea174cd6667a7c956a386d496725dc4c80d488737cd903d3b28bbf3e,70
b1bf8cdce41e751ebf980ef0e64db387,MD5,100,UNC5518,FAKETREFF,,CAMP.24.061,24-10070103,TRUE,8/12/2024,11/7/2024,388e3f8c560d45d59dc7691544e9ce2eca444435,c929b7237de47adbae03314846be762ad30519a9119f25e2dbc62a03e14a1fe0,100
b1f74503008cf2677dc9b4317b435da7,MD5,100,UNC5518,,,CAMP.24.061,24-10070103,TRUE,7/9/2024,11/7/2024,18d925911fee02227d0566ee2441a3a44aa4506c,f4b93702f8b8746ecdcf6ee17f6b1d425707983c1e627ba0ea26116ef1aa9f47,100
b615eac791293f6c0c3a1a6a8dbc84b1,MD5,100,UNC5518,,,CAMP.24.061,"24-10064648, 24-10070103",TRUE,6/28/2024,11/7/2024,ee8d4889a98f7f636d45f2815e4a998adff16a0f,1c6cb17b1eee184519ebea6bc74fb0ce55a8cdbd22e35a52090ae263f4ab40de,100
b662a4f6f0aa91211e8acf5741fa79e8,MD5,100,UNC5518,,,CAMP.24.061,"24-10064648, 24-10070103",TRUE,5/24/2024,11/7/2024,b0ab89cdb6b560cccce47469cc0524154136dbb2,abd5c02357c2eae79a2370b7010cfea5325670f4764b19c6c02045ec1062eeeb,100
bb3fc32f10aa9f44d41ee6bdcdf48372,MD5,100,UNC5518,,,CAMP.24.061,24-10070103,TRUE,10/10/2024,11/7/2024,b55860f147919aee5af5e7a989830589df22236d,25d5b8d0c0eac0d40900dafbcc2a4fec453b5e83f6be95418915d998f9bc6b67,100
bcd9291d7d39e2cdcce91e65297c629a,MD5,100,UNC5518,,,CAMP.24.061,24-10070103,TRUE,8/12/2024,11/7/2024,462579d36fb07432866420fa4a7bc5f1b297b88a,de62f48bc478e669ef432bf149d74ad698fbde6bccd9752d6f8db11abf7a2bd1,100
bd2c63040d583540cd08368142d4f30e,MD5,100,UNC4536,,,"CAMP.23.052, CAMP.24.061",24-10070103,FALSE,6/24/2024,11/7/2024,bc9e2f0b0ebde19388d76dd5679e8c3791c18959,0da71466d086de09d40c23e60c1f2b0dac5667f9b3f3888d7151240db6098cb3,70
c059fbe7ba85f7bee3ad06cce20c8a83,MD5,100,,CORNFLAKE,,CAMP.24.061,"24-10068048, 24-10070103",FALSE,10/15/2024,11/7/2024,4e68e0d1b2a826b98e1029ff2083ffa1602915fe,984c53328f4b199b884d24f41b6b97ee888ec40d16704388fac243dd76e49578,100
c143483d862381f1a9ac6048b9a4d699,MD5,100,,,,CAMP.24.061,"24-10064648, 24-10070103",FALSE,7/8/2024,11/7/2024,4d6e7d231d4457bf0f70ecf01e51da4884d1234f,76540185c3f4be75b3ef02ba4faa6ecebe4a7665e56f0db0edc1b6e07e30a0e1,70
c15ebc7b2391182a029179e77aaac754,MD5,31,UNC5833,,,CAMP.24.061,24-10070103,FALSE,9/10/2024,11/7/2024,e235c29486b3627701ee6246b17b88fee1457507,b16769a2f839d0322db6d80d2bf7f7f0c13174a9482d2163384783a60113521c,0
c6db8c99365e364f963d8d8c6c2533bd,MD5,100,,BANANAJAR,,CAMP.24.061,"24-10064648, 24-10070103",FALSE,6/28/2024,11/7/2024,1f926ab6f715f72c880b76a3caa4f2fc6ddc76c5,a812a9580117fbcdbf38d765a45323c0e5a81077f76697fc3e9c618594ff8282,100
c88271f7c9c9b491e46771d2efaf6a55,MD5,100,UNC4536,,,"CAMP.23.052, CAMP.24.061",24-10070103,TRUE,6/18/2024,11/7/2024,2f3b1895dfdff4067809b22a67c5c565991604fd,96e20ac7d4b018b360672f3fd9e63d3429bb4dee3974951c70699f44c87278c2,100
cd5a571c62218230d486e0adf2c9b995,MD5,100,UNC5518,FAKETREFF,,CAMP.24.061,24-10070103,TRUE,8/29/2024,11/7/2024,b0b80f9a980f2e806c1397bc88a2efe77b711126,5ee3a817378b123e0d92daf0d7b1785af5db309e7675a9a75a1ad144763259ac,100
cfe5718918b8bc1d8cf0abc3388ce4c8,MD5,100,,,,CAMP.24.061,"24-10064648, 24-10070103",FALSE,5/23/2024,11/7/2024,c502c516ceb2472b52c95c0996c979a40d109925,389b2b1e482db4e7f2ca6b537b89a8cfad6d149dbb2b468db40917b000990ef9,70
d0c3cd36e89cffc2343e7641ddd396ab,MD5,100,UNC5518,,,CAMP.24.061,"24-10064640, 24-10070103",TRUE,8/29/2024,11/7/2024,62695327db76517ceb53afd1187165f468d0d4f2,22d4181beaf78c2630e8a0aef390bd50ed33fd477e6a38d08a35ac6988922fd3,100
d1c5998f9ac74d229314af16c2ed0017,MD5,100,UNC5518,FAKETREFF,,CAMP.24.061,24-10070103,TRUE,8/8/2024,11/7/2024,e590f9b75dfe6deccc31607a2e16541cfeb992a7,47124b04602c83e1ec7f9bc9dd6706f8c0b331be04fe24c7262a0fc6fb804330,100
d248e80f11dea4b2667cbfe49006f024,MD5,100,,BANANAJAR,,CAMP.24.061,"24-10064648, 24-10070103",FALSE,7/1/2024,11/7/2024,30efbcde8788a02715a7ad729714bc73f3eda095,cf904d10d5041348a05fd3ee638f7670b3ef593a99b719055241db82af49d0dc,100
d36936715891b8f14bc01facfaef5db6,MD5,100,UNC5518,,,CAMP.24.061,"24-10064648, 24-10070103",TRUE,7/8/2024,11/7/2024,05aeedd9e71a4cedd5aa6d5d69b07651a4da51d0,13dce27f320e576c96c7a6171736c5646ce5d217e0cea68c8b1dcac8575c5b80,100
d5b2e2497bd4eec994f1001ff5b4af7f,MD5,100,UNC5518,FAKETREFF,,CAMP.24.061,"24-10068048, 24-10070103",TRUE,10/15/2024,11/7/2024,a20fedbcab83d9fefe9d235d5e128721218742c8,ac4fd5f9082262ef14471a30978b27f4bd34944b50ffd3b19e2c59f9d6a7f843,100
db06535316f8d22b11f1f2af87da2f27,MD5,100,UNC5518,,,CAMP.24.061,24-10070103,TRUE,6/19/2024,11/7/2024,f026c1a4c06badf039ab8c8a4c8bb9a2ac33483f,f6149edce5bf1616e46f4c7eaf33e5d67fa1ffb91abfec4c08352b95353e653c,100
dd7fa15e22c739c63a092bee501ddc33,MD5,100,,BANANACOOKIE,,CAMP.24.061,"24-10064648, 24-10070103",FALSE,6/26/2024,3/19/2025,63a4755b7a70c4790c6ccbcdfdff3c35e23b566a,125b397a627f37c70e2cf2461c6a6583a975ba78617995751cacb32525a3b875,100
e0f64e65a691f23e8e3e51f8b71ead32,MD5,100,UNC5518,,,CAMP.24.061,"24-10064648, 24-10070103",TRUE,6/18/2024,11/7/2024,d366b0e4ab1bbf46ddd1a3c1790bc65c508c1b0b,4b5e158ce2b883befb7dd7146ce5f08f1b7fce58065b9a0fbe43f181ec0a7d9e,100
e20d0e10bb015944cba8d79651f7da21,MD5,100,,,,CAMP.24.061,"24-10061836, 24-10070103",FALSE,8/29/2024,11/7/2024,7107fb74df4f62e9d56e92eb50d65c0062fabb81,fea55df8e4fe6ad72a690345c729efbfb128fdcedb51c6d0bb49c1846d84df98,70
e52a21990782837f6615f7c89b83fa74,MD5,100,UNC4536,,,CAMP.24.061,24-10070103,FALSE,8/8/2024,11/7/2024,24375cd4d720df5e60be40f9ad10d41a4b38acea,ef566a494c1f79672229be199826dd9b1c9541deb072568543b64b6c7a5faffb,70
e583fcf2d68131476d8d4d5f43b6c407,MD5,100,UNC5518,FAKETREFF,,CAMP.24.061,24-10070103,TRUE,5/15/2024,11/7/2024,9a872159621d56a743d46d3b7d8d57a18ea0adb4,3d1c9af4bcd1d984e0a19d2c60b29f7ba5253813be106849d2ce6ca53a299deb,100
e6574cc1e867f7a08cd10b0fd55cb710,MD5,100,UNC4536,,,CAMP.24.061,"24-10064648, 24-10070103",FALSE,9/23/2024,11/7/2024,fd6072ff31e659954e0db4651f1f7facbb422f58,62d1646c13caaa53d3dbe90fa42e30edff0760a99eacd865a59f4b7e7f1b7c20,70
ed59e6863f135c4212dec3b0abb17833,MD5,100,,DARKGATE,,CAMP.24.061,"24-10064648, 24-10070103",FALSE,9/23/2024,11/7/2024,fabc8d469b9ef29bd306d0e0ddbcac166fd65ca1,96995cf515d025ca69b3825763f2841bed78cea25e0ef4f8709ed02b730f3753,100
ef70564e0115d88eca73f6f6e5801dfb,MD5,100,UNC5518,,,CAMP.24.061,24-10070103,TRUE,5/16/2024,11/7/2024,7b1b232eee8982e1d9d6d0f1d079b616afef7b03,1137e14b8dd3c51e05cdc2b3c94501ccf0659ea2ee72ec0a906062095f0ee6bf,100
f2cd4f82df5e0ce1da3a660dbf9c118d,MD5,100,UNC5518,,,CAMP.24.061,"24-10069573, 24-10070103",TRUE,10/22/2024,11/7/2024,d2f9acb77fde520cb0f5159acdeaad0dfb951159,6b94f2fa293dbebeacfa08fb3df385d3368af29b398e1925469e5f32fd9c56f6,100
f38e9a81327147c14475a2c0704fd0f9,MD5,100,UNC5518,,,CAMP.24.061,25-10013422,TRUE,3/6/2025,3/18/2025,,,100
f3ba3a72be77578c4c8b3cde0134c3f1,MD5,100,,,,CAMP.24.061,"24-10064648, 24-10070103",FALSE,7/8/2024,11/7/2024,79f8b80976dd7c352b83f6f76bd091ad93fa8227,5749a17b1e0ebb56b5f39b519d462b9a5d31b2d06b8c1850926e6106e82240c2,70
f46242641ed08845a47bcf2a9d18100d,MD5,100,UNC5518,FAKETREFF,,CAMP.24.061,"24-10064648, 24-10070103",TRUE,6/28/2024,11/7/2024,54d05fd99ceebdf8f3380ab73ecd9db50728725a,66d94cdbb5bd1b6d161693710c72f289c18c2d1c82a93687e2501badeb7bda05,100
f8254e719c5f499fcd279d9a7f3eae3d,MD5,100,,,,CAMP.24.061,"24-10064648, 24-10070103",FALSE,6/28/2024,11/7/2024,ba6158e60b2da3d9eab7e2c3a76630194d099e25,b302609a09311ad913431e2be94447c9fe248ff573510d6d3b7d80a0cd49d031,70
f838e8f9965e4567cf8b279179f19c80,MD5,100,,,,CAMP.24.061,24-10070103,FALSE,8/8/2024,11/7/2024,6320270238fca2fd1d3eb2de51f2a10a8ba3bb65,c53615d5dbf943c42cd90f41558e43b77a7f89d1c3cb35386af7397a2b5f629e,70
http://116.202.5.195/manual/208/208,URL,100,,,,CAMP.24.061,"24-10064648, 24-10070103",FALSE,6/28/2024,11/7/2024,,,70
http://116.202.5.195/manual/208/208.zip,URL,100,,,,CAMP.24.061,"24-10064648, 24-10070103",FALSE,6/26/2024,11/7/2024,,,70
http://116.202.5.195/manual/208/2088.zip,URL,100,,,,CAMP.24.061,"24-10064648, 24-10070103",FALSE,6/26/2024,11/7/2024,,,70
http://185.49.69.41/,URL,100,,QUICKBIND,,CAMP.24.061,"24-10014222, 24-10070103",FALSE,5/16/2024,11/7/2024,,,100
http://185.49.69.41/data/376d7d7c158c5a5d19b5bb7dbd3d53d8,URL,100,,,,CAMP.24.061,24-10070103,FALSE,6/19/2024,11/7/2024,,,70
http://185.49.69.41/data/9d6207bfff0d1957437488a749fa54bb,URL,100,,,,CAMP.24.061,24-10070103,FALSE,5/16/2024,11/7/2024,,,70
http://64.94.84.217:8080/1741217312,URL,100,UNC5518,,,CAMP.24.061,,TRUE,3/6/2025,3/13/2025,,,100
http://64.95.10.243/api/mytest,URL,100,,,,CAMP.24.061,"24-10064648, 24-10070103",FALSE,5/7/2024,11/7/2024,,,70
http://77.91.77.145/?v=0&url=207&event=inno_starting,URL,100,,,,CAMP.24.061,"24-10064648, 24-10070103",FALSE,6/21/2024,11/7/2024,,,70
http://91.222.173.140:80,URL,100,,DARKGATE,,CAMP.24.061,"24-10064640, 24-10064648, 24-10070103",FALSE,9/23/2024,11/7/2024,,,100
http://www.thatcompany.com/,URL,15,UNC5518,,,CAMP.24.061,24-10070103,FALSE,9/26/2024,11/7/2024,,,0
https://3hti.com/,URL,50,UNC5518,,,CAMP.24.061,24-10070103,FALSE,9/12/2024,11/7/2024,,,0
https://airbluefootgear.com/wp-includes/images/xits.php,URL,100,UNC5518,FAKETREFF,,CAMP.24.061,24-10070103,TRUE,9/19/2024,11/7/2024,,,70
https://airfindia.com/,URL,50,UNC5518,,,CAMP.24.061,24-10070103,FALSE,5/17/2024,11/7/2024,,,0
https://allaces.com.au/,URL,21,UNC5518,,,CAMP.24.061,"24-10070103, 24-10072483, 24-10072686",FALSE,9/17/2024,11/21/2024,,,0
https://architectural.masonite.com,URL,45,UNC5518,,,CAMP.24.061,24-10070103,FALSE,9/20/2024,11/7/2024,,,7
https://architectural.masonite.com/,URL,45,UNC5518,,,CAMP.24.061,24-10070103,FALSE,9/17/2024,11/7/2024,,,7
https://ashleypuerner.com/p/land.php,URL,100,UNC5518,,,CAMP.24.061,24-10070103,TRUE,5/28/2024,11/7/2024,,,100
https://ashleypuerner.com/p/land.php?device=*&ip=*&refferer=*&ua=*&domain=*&loc=*,URL,100,UNC5518,,,CAMP.24.061,24-10070103,TRUE,5/28/2024,11/7/2024,,,100
https://athsvic.org.au/,URL,21,UNC5518,,,CAMP.24.061,24-10070103,FALSE,9/20/2024,11/7/2024,,,0
https://barcelonafcblog.com/wp-content/upgrade/update.php,URL,100,UNC5518,FAKETREFF,,CAMP.24.061,24-10070103,TRUE,6/21/2024,11/7/2024,,,100
https://bastillefestival.com.au/,URL,50,UNC5518,,,CAMP.24.061,24-10070103,FALSE,9/17/2024,11/7/2024,,,0
https://bigfoot99.com/,URL,50,UNC5518,,,CAMP.24.061,24-10070103,FALSE,9/17/2024,11/7/2024,,,0
https://blacksportsonline.com/,URL,18,UNC5518,,,CAMP.24.061,24-10070103,FALSE,9/12/2024,11/7/2024,,,0
https://blog.contentstudio.io/,URL,50,UNC5518,,,CAMP.24.061,24-10070103,FALSE,9/12/2024,11/7/2024,,,0
https://blog.teachlr.com/,URL,50,UNC5518,,,CAMP.24.061,24-10070103,FALSE,5/17/2024,11/7/2024,,,0
https://bluefrogplumbing.com/northeast-houston/,URL,50,UNC5518,,,CAMP.24.061,"24-10064648, 24-10070103",FALSE,7/8/2024,11/7/2024,,,0
https://bretagne-balades.com/wp-includes/css/539.php,URL,100,UNC5518,FAKETREFF,,CAMP.24.061,24-10070103,TRUE,7/9/2024,11/7/2024,,,100
https://canadianimmigrationservices.org/,URL,50,UNC5518,,,CAMP.24.061,24-10070103,FALSE,9/20/2024,11/7/2024,,,0
https://careers-advice-online.com/,URL,50,UNC5518,,,CAMP.24.061,24-10070103,FALSE,5/17/2024,11/7/2024,,,0
https://castellodelpoggio.com/,URL,50,UNC5518,,,CAMP.24.061,24-10070103,FALSE,9/17/2024,11/7/2024,,,0
https://chamonixskipasses.com/,URL,50,UNC5518,,,CAMP.24.061,24-10070103,FALSE,9/17/2024,11/7/2024,,,0
https://chhimi.com/analytics.js,URL,100,UNC5518,,,CAMP.24.061,"24-10063759, 24-10064640, 24-10064648, 24-10070103",TRUE,8/2/2024,11/7/2024,,,100
https://chhimi.com/js.php,URL,100,UNC5518,,,CAMP.24.061,"24-10063759, 24-10064640, 24-10064648, 24-10070103",TRUE,8/8/2024,11/7/2024,,,100
https://chhimi.com/js.php?device=*&ip=*&refferer=*&browser=*&ua=*&domain=*&loc=*&is_ajax=1,URL,100,UNC5518,,,CAMP.24.061,"24-10064640, 24-10064648, 24-10070103",TRUE,8/8/2024,11/7/2024,,,100
https://chhimi.com/stat.php,URL,100,UNC5518,FAKETREFF,,CAMP.24.061,24-10070103,TRUE,8/8/2024,11/7/2024,,,100
https://chicklitplus.com/wp-content/upgrade/update.php,URL,100,UNC5518,FAKETREFF,,CAMP.24.061,24-10070103,TRUE,6/17/2024,11/7/2024,,,100
https://comicsonline.com/wp-content/upgrade/grlpa.php,URL,100,UNC5518,FAKETREFF,,CAMP.24.061,"24-10064640, 24-10064648, 24-10070103",TRUE,9/23/2024,11/7/2024,,,100
https://comingoutcovenant.com/wp-includes/pomo/update.php,URL,100,UNC5518,FAKETREFF,,CAMP.24.061,24-10070103,TRUE,7/7/2024,11/7/2024,,,100
https://complete-physio.co.uk/,URL,50,UNC5518,,,CAMP.24.061,24-10070103,FALSE,9/17/2024,11/7/2024,,,0
https://complete-pilates.co.uk/,URL,50,UNC5518,,,CAMP.24.061,24-10070103,FALSE,9/17/2024,11/7/2024,,,0
https://conical-fermenter.com/,URL,50,UNC5518,,,CAMP.24.061,24-10070103,FALSE,9/20/2024,11/7/2024,,,0
https://cssp.org/,URL,21,UNC5518,,,CAMP.24.061,24-10070103,FALSE,9/12/2024,11/7/2024,,,0
https://daveseminara.com/,URL,50,UNC5518,,,CAMP.24.061,24-10070103,FALSE,9/17/2024,11/7/2024,,,0
https://denhamlawoffice.com/wp-admin/images/wfgth.php,URL,100,UNC5518,FAKETREFF,,CAMP.24.061,24-10070103,TRUE,8/15/2024,11/7/2024,,,100
https://digimind.nl/wp-content/upgrade/update.php,URL,100,UNC5518,FAKETREFF,,CAMP.24.061,24-10070103,TRUE,6/5/2024,11/7/2024,,,100
https://discoverycomm.com/,URL,50,UNC5518,,,CAMP.24.061,24-10070103,FALSE,5/17/2024,11/7/2024,,,0
https://dotnetreport.com/,URL,50,UNC5518,,,CAMP.24.061,24-10070103,FALSE,9/17/2024,11/7/2024,,,0
https://drcolbert.com/,URL,21,UNC5518,,,CAMP.24.061,24-10070103,FALSE,9/17/2024,11/7/2024,,,0
https://e2sky.com/adcount.js,URL,100,UNC5518,,,CAMP.24.061,24-10070103,TRUE,8/2/2024,11/7/2024,,,100
https://e2sky.com/js.php,URL,100,UNC5518,,,CAMP.24.061,24-10070103,TRUE,8/2/2024,11/7/2024,,,100
https://e2sky.com/js.php?device=*&ip=*&refferer=*&browser=*&domain=*&loc=*&is_ajax=1,URL,100,UNC5518,,,CAMP.24.061,24-10070103,TRUE,8/2/2024,11/7/2024,,,100
https://e2sky.com/stat.php,URL,100,UNC5518,FAKETREFF,,CAMP.24.061,24-10070103,TRUE,8/2/2024,11/7/2024,,,100
https://ecohortum.com/,URL,50,UNC5518,,,CAMP.24.061,24-10070103,FALSE,5/17/2024,11/7/2024,,,0
https://ecowas.int/,URL,18,UNC5518,,,CAMP.24.061,"24-10064648, 24-10070103",FALSE,5/14/2024,11/7/2024,,,0
https://edveha.com/adcount.js,URL,100,UNC5518,,,CAMP.24.061,"24-10064648, 24-10070103",TRUE,6/18/2024,2/24/2025,,,100
https://edveha.com/js.php,URL,100,UNC5518,,,CAMP.24.061,"24-10064648, 24-10070103",TRUE,6/18/2024,11/7/2024,,,100
https://edveha.com/js.php?device=*&ip=*&refferer=*&ua=*&domain=*&loc=*&is_ajax=*,URL,100,UNC5518,,,CAMP.24.061,24-10070103,TRUE,6/18/2024,11/7/2024,,,100
https://edveha.com/js.php?device=*&ip=*&refferer=*&ua=*&domain=*&loc=*&is_ajax=1,URL,100,UNC5518,,,CAMP.24.061,"24-10064648, 24-10070103",TRUE,6/21/2024,11/7/2024,,,100
https://edveha.com/js.php?device=windows&ip=OTAuMTgyLjExOS4xMzM=&refferer=aHR0cHM6Ly93d3cuZWNvd2FzLmludC9hYm91dC1lY293YXMv&ua=bW96aWxsYS81LjAgKHdpbmRvd3MgbnQgMTAuMDsgd2luNjQ7IHg2NCkgYXBwbGV3ZWJraXQvNTM3LjM2IChraHRtbCwgbGlrZSBnZWNrbykgY2hyb21lLzEyNS4wLjAuMCBzYWZhcmkvNTM3LjM2&domain=aHR0cHM6Ly9lZHZlaGEuY29t&loc=Q1o=&is_ajax=1,URL,100,UNC5518,,,CAMP.24.061,24-10070103,TRUE,6/18/2024,11/7/2024,,,100
https://edveha.com/stat.php,URL,100,UNC5518,,,CAMP.24.061,24-10070103,TRUE,6/21/2024,11/7/2024,,,100
https://elamoto.com/p/land.php,URL,100,UNC5518,,,CAMP.24.061,24-10070103,TRUE,5/14/2024,11/7/2024,,,100
https://elamoto.com/p/land.php?device=*&ip=*&refferer=*,URL,100,UNC5518,,,CAMP.24.061,24-10070103,TRUE,5/14/2024,11/7/2024,,,100
https://elamoto.com/p/loader.php?device=*&ip=*,URL,100,UNC5518,FAKETREFF,,CAMP.24.061,24-10070103,TRUE,5/14/2024,11/7/2024,,,100
https://elamoto.com/p/stat.php,URL,100,UNC5518,FAKETREFF,,CAMP.24.061,24-10070103,TRUE,5/15/2024,11/7/2024,,,100
https://eliteforcestaffing.com/,URL,50,UNC5518,,,CAMP.24.061,24-10070103,FALSE,9/17/2024,11/7/2024,,,0
https://elitetournaments.com/,URL,21,UNC5518,,,CAMP.24.061,24-10070103,FALSE,9/17/2024,11/7/2024,,,0
https://emnac-services.com/wp-admin/images/wfgth.php,URL,100,UNC5518,FAKETREFF,,CAMP.24.061,24-10070103,TRUE,9/16/2024,11/7/2024,,,100
https://enzo-itl.com/,URL,50,UNC5518,,,CAMP.24.061,24-10070103,FALSE,9/12/2024,11/7/2024,,,0
https://espumadesign.com//wp-content/upgrade/update.php,URL,100,UNC5518,,,CAMP.24.061,24-10070103,TRUE,6/18/2024,11/7/2024,,,100
https://espumadesign.com/wp-content/upgrade/update.php,URL,100,UNC5518,FAKETREFF,,CAMP.24.061,24-10070103,TRUE,6/21/2024,11/7/2024,,,100
https://eventacademy.com/,URL,21,UNC5518,,,CAMP.24.061,24-10070103,FALSE,9/17/2024,11/7/2024,,,0
https://evolverangesolutions.com/,URL,50,UNC5518,,,CAMP.24.061,24-10070103,FALSE,5/14/2024,11/7/2024,,,0
https://evolverangesolutions.com/wp-includes/images/x3h6.php,URL,100,UNC5518,FAKETREFF,,CAMP.24.061,24-10070103,TRUE,7/10/2024,11/7/2024,,,100
https://exceptionalindividuals.com/,URL,21,UNC5518,,,CAMP.24.061,24-10070103,FALSE,9/17/2024,11/7/2024,,,0
https://experiencebrightwater.ca/,URL,21,UNC5518,,,CAMP.24.061,24-10070103,FALSE,9/17/2024,11/7/2024,,,0
https://explorequotes.com/,URL,50,UNC5518,,,CAMP.24.061,24-10070103,FALSE,5/17/2024,11/7/2024,,,0
https://factorydirectmobilehomes.com/,URL,21,UNC5518,,,CAMP.24.061,24-10070103,FALSE,6/24/2024,11/7/2024,,,0
https://factoryselecthomecenter.com/view-floorplans/,URL,50,UNC5518,,,CAMP.24.061,24-10070103,FALSE,6/21/2024,11/7/2024,,,0
https://firstpresbyterianpaulding.com/wp-admin/images/wfgth.php,URL,100,UNC5518,FAKETREFF,,CAMP.24.061,"24-10061836, 24-10070103",TRUE,8/29/2024,11/7/2024,,,100
https://franklinida.com/stat.php,URL,100,UNC5518,FAKETREFF,,CAMP.24.061,24-10070103,TRUE,10/22/2024,11/7/2024,,,100
https://franklinida.com/web-analyzer.js,URL,100,UNC5518,,,CAMP.24.061,"24-10069573, 24-10070103",TRUE,10/22/2024,11/7/2024,,,100
https://frndshtx.com/,URL,50,UNC5518,,,CAMP.24.061,24-10070103,FALSE,9/12/2024,11/7/2024,,,0
https://frymax.co.uk/,URL,50,UNC5518,,,CAMP.24.061,24-10070103,FALSE,9/17/2024,11/7/2024,,,0
https://global-engage.com/,URL,21,UNC5518,,,CAMP.24.061,24-10070103,FALSE,9/12/2024,11/7/2024,,,0
https://gobrightwing.com/,URL,50,UNC5518,,,CAMP.24.061,24-10070103,FALSE,9/17/2024,11/7/2024,,,0
https://greyspartners.com/analytics.js,URL,100,UNC5518,,,CAMP.24.061,24-10070103,TRUE,8/16/2024,11/7/2024,,,100
https://hermandaddelosestudiantes.es/,URL,50,UNC5518,,,CAMP.24.061,24-10070103,FALSE,5/17/2024,11/7/2024,,,0
https://hmgcreative.com/,URL,50,UNC5518,,,CAMP.24.061,24-10070103,FALSE,9/17/2024,11/7/2024,,,0
https://horror-fix.com/,URL,50,UNC5518,,,CAMP.24.061,24-10070103,FALSE,9/12/2024,11/7/2024,,,0
https://housingforhouston.com/,URL,50,UNC5518,,,CAMP.24.061,24-10070103,FALSE,9/12/2024,11/7/2024,,,0
https://howellcpa-pa.com/wp-admin/images/wfgth.php,URL,100,UNC5518,FAKETREFF,,CAMP.24.061,24-10070103,TRUE,9/16/2024,11/7/2024,,,100
https://hungryman.com/,URL,21,UNC5518,,,CAMP.24.061,24-10070103,FALSE,9/17/2024,11/7/2024,,,0
https://iamsahararose.com/,URL,50,UNC5518,,,CAMP.24.061,24-10070103,FALSE,9/17/2024,11/7/2024,,,0
https://idioinc.com/5t4a.js,URL,100,UNC5518,,,CAMP.24.061,,TRUE,2/3/2025,2/3/2025,,,100
https://idioinc.com/js.php,URL,100,UNC5518,,,CAMP.24.061,,TRUE,2/3/2025,2/3/2025,,,100
https://imvolleyball.org/,URL,50,UNC5518,,,CAMP.24.061,24-10070103,FALSE,9/17/2024,11/7/2024,,,0
https://innoutair.com/wp-admin/images/wfgth.php,URL,100,UNC5518,FAKETREFF,,CAMP.24.061,24-10070103,TRUE,9/5/2024,11/7/2024,,,100
https://innsbrook.com/,URL,21,UNC5518,,,CAMP.24.061,24-10070103,FALSE,9/17/2024,11/7/2024,,,0
https://jodymassagetherapyclinic.com/wp-admin/images/wfgth.php,URL,100,UNC5518,FAKETREFF,,CAMP.24.061,24-10070103,TRUE,8/12/2024,11/7/2024,,,100
https://joelbieber.com/,URL,50,UNC5518,,,CAMP.24.061,24-10070103,FALSE,9/12/2024,11/7/2024,,,0
https://keynesdigital.com/,URL,50,UNC5518,,,CAMP.24.061,24-10070103,FALSE,9/20/2024,11/7/2024,,,0
https://killingtondistillery.com/,URL,50,UNC5518,,,CAMP.24.061,24-10070103,FALSE,9/17/2024,11/7/2024,,,0
https://knewhealth.com/,URL,50,UNC5518,,,CAMP.24.061,24-10070103,FALSE,9/12/2024,11/7/2024,,,0
https://kongtuke.com/p/land.php,URL,100,UNC5518,,,CAMP.24.061,24-10070103,TRUE,5/14/2024,11/7/2024,,,100
https://kongtuke.com/p/land.php?device=*&ip=*&refferer=*&ua=*&domain=*&loc=*,URL,100,UNC5518,,,CAMP.24.061,"24-10064648, 24-10070103",TRUE,5/14/2024,11/7/2024,,,100
https://kongtuke.com/p/stat.php,URL,100,UNC5518,FAKETREFF,,CAMP.24.061,24-10070103,TRUE,5/15/2024,11/7/2024,,,100
https://kzdesigngroup.com/,URL,50,UNC5518,,,CAMP.24.061,24-10070103,FALSE,5/17/2024,11/7/2024,,,0
https://lamaisonquilting.com/wp-admin/images/wfgth.php,URL,100,UNC5518,FAKETREFF,,CAMP.24.061,24-10070103,TRUE,8/8/2024,11/7/2024,,,70
https://lancasterscflyingclub.com/wp-admin/images/wfgth.php,URL,100,UNC5518,FAKETREFF,,CAMP.24.061,24-10070103,TRUE,8/8/2024,11/7/2024,,,100
https://lauren-nelson.com/,URL,50,UNC5518,,,CAMP.24.061,24-10070103,FALSE,9/17/2024,11/7/2024,,,0
https://levyso.com/,URL,50,UNC5518,,,CAMP.24.061,24-10070103,FALSE,9/17/2024,11/7/2024,,,0
https://lifetimeroofing.com/,URL,50,UNC5518,,,CAMP.24.061,24-10070103,FALSE,9/20/2024,11/7/2024,,,0
https://luxlifemiamiblog.com/,URL,21,UNC5518,,,CAMP.24.061,24-10070103,FALSE,9/12/2024,11/7/2024,,,0
https://magnoliagreen.com/,URL,50,UNC5518,,,CAMP.24.061,24-10070103,FALSE,9/17/2024,11/7/2024,,,0
https://magnotics.com/wp-admin/images/wfgth.php,URL,100,UNC5518,FAKETREFF,,CAMP.24.061,24-10070103,TRUE,8/12/2024,11/7/2024,,,100
https://maroc-terroir.com/,URL,21,UNC5518,,,CAMP.24.061,24-10070103,FALSE,9/17/2024,11/7/2024,,,0
https://mgssoft.com/,URL,50,UNC5518,,,CAMP.24.061,24-10070103,FALSE,5/17/2024,11/7/2024,,,0
https://michiganchronicle.com/,URL,45,UNC5518,,,CAMP.24.061,24-10070103,FALSE,9/12/2024,11/7/2024,,,7
https://michiganchronicle.com/pancakesandpolitics/,URL,45,UNC5518,,,CAMP.24.061,24-10070103,FALSE,6/18/2024,11/7/2024,,,7
https://monitor.icef.com/,URL,40,UNC5518,,,CAMP.24.061,24-10070103,FALSE,5/17/2024,11/7/2024,,,0
https://monlamdesigns.com/wp-content/upgrade/update.php,URL,100,UNC5518,FAKETREFF,,CAMP.24.061,24-10070103,TRUE,6/17/2024,11/7/2024,,,100
https://montessoriwest.com/,URL,50,UNC5518,,,CAMP.24.061,24-10070103,FALSE,9/17/2024,11/7/2024,,,0
https://movinbed.com/,URL,50,UNC5518,,,CAMP.24.061,24-10070103,FALSE,9/17/2024,11/7/2024,,,0
https://murfreesborolawyer.com/,URL,50,UNC5518,,,CAMP.24.061,24-10070103,FALSE,9/17/2024,11/7/2024,,,0
https://my.networknuts.net/,URL,50,UNC5518,,,CAMP.24.061,24-10070103,FALSE,5/17/2024,11/7/2024,,,0
https://myersparkpres.org/,URL,21,UNC5518,,,CAMP.24.061,24-10070103,FALSE,5/17/2024,11/7/2024,,,0
https://myrtlebeachgolf.com/,URL,50,UNC5518,,,CAMP.24.061,24-10070103,FALSE,9/26/2024,11/7/2024,,,0
https://namidupage.org/,URL,21,UNC5518,,,CAMP.24.061,24-10070103,FALSE,9/17/2024,11/7/2024,,,0
https://netzwerkreklame.de/wp-content/upgrade/update.php,URL,100,UNC5518,FAKETREFF,,CAMP.24.061,24-10070103,TRUE,5/23/2024,11/7/2024,,,100
https://neuething.org/,URL,50,UNC5518,,,CAMP.24.061,24-10070103,FALSE,9/17/2024,11/7/2024,,,0
https://newmusicfriday.com/,URL,21,UNC5518,,,CAMP.24.061,24-10070103,FALSE,9/17/2024,11/7/2024,,,0
https://oldtuberadio.com/,URL,50,UNC5518,,,CAMP.24.061,24-10070103,FALSE,5/17/2024,11/7/2024,,,0
https://olivedell.com/,URL,50,UNC5518,,,CAMP.24.061,24-10070103,FALSE,9/17/2024,11/7/2024,,,0
https://onania.org/,URL,50,UNC5518,,,CAMP.24.061,24-10070103,FALSE,9/20/2024,11/7/2024,,,0
https://onsiteshredding.com/,URL,50,UNC5518,,,CAMP.24.061,24-10070103,FALSE,9/17/2024,11/7/2024,,,0
https://operation-statistics-perceived-profiles.trycloudflare.com/cloudfla,URL,100,UNC5518,,,CAMP.24.061,25-10013422,TRUE,3/3/2025,3/18/2025,,,100
https://orlandparkprayercenter.org/,URL,50,UNC5518,,,CAMP.24.061,24-10070103,FALSE,9/20/2024,11/7/2024,,,0
https://outdoornativitystore.com/,URL,50,UNC5518,,,CAMP.24.061,24-10070103,FALSE,9/17/2024,11/7/2024,,,0
https://overheaddoorjoplin.com/schedule/,URL,50,UNC5518,,,CAMP.24.061,24-10070103,FALSE,8/2/2024,11/7/2024,,,0
https://owloween.com/wp-content/uploads/update.php,URL,100,UNC5518,FAKETREFF,,CAMP.24.061,24-10070103,TRUE,6/26/2024,11/7/2024,,,100
https://pacificballroom.org/,URL,50,UNC5518,,,CAMP.24.061,24-10070103,FALSE,9/12/2024,11/7/2024,,,0
https://phfi.org/,URL,21,UNC5518,,,CAMP.24.061,24-10070103,FALSE,9/12/2024,11/7/2024,,,0
https://portalcarangola.com/,URL,50,UNC5518,,,CAMP.24.061,24-10070103,FALSE,5/17/2024,11/7/2024,,,0
https://psafetysolutions.com/wp-admin/images/wfgth.php,URL,100,UNC5518,FAKETREFF,,CAMP.24.061,24-10070103,TRUE,8/30/2024,11/7/2024,,,100
https://puntademita-rentals.com/,URL,50,UNC5518,,,CAMP.24.061,24-10070103,FALSE,9/17/2024,11/7/2024,,,0
https://pushcg.com/js.php,URL,100,UNC5518,,,CAMP.24.061,"24-10067612, 24-10068048, 24-10070103",TRUE,9/26/2024,11/7/2024,,,100
https://pushcg.com/js.php?device=*&ip=*&refferer=*&browser=*&ua=*&domain=*&loc=*&is_ajax=1,URL,100,UNC5518,,,CAMP.24.061,24-10070103,TRUE,9/26/2024,11/7/2024,,,100
https://pushcg.com/web-analyzer.js,URL,100,UNC5518,,,CAMP.24.061,"24-10067612, 24-10068048, 24-10070103, 25-10006811",TRUE,9/26/2024,2/13/2025,,,100
https://resf.com/,URL,50,UNC5518,,,CAMP.24.061,24-10070103,FALSE,9/20/2024,11/7/2024,,,0
https://retaildatallc.com/,URL,21,UNC5518,,,CAMP.24.061,24-10070103,FALSE,9/17/2024,11/7/2024,,,0
https://rm-arquisign.com/wp-includes/pomo/update.php,URL,100,UNC5518,FAKETREFF,,CAMP.24.061,"24-10064648, 24-10070103",TRUE,6/27/2024,11/7/2024,,,100
https://rvthereyet.com/wp-admin/images/rsggj.php,URL,100,UNC5518,FAKETREFF,,CAMP.24.061,"24-10064640, 24-10070103",TRUE,9/12/2024,11/7/2024,,,100
https://scanpaq.com/6t1r.js,URL,100,UNC5518,,,CAMP.24.061,,TRUE,2/13/2025,2/13/2025,,,100
https://scanpaq.com/6t5t.js,URL,100,UNC5518,,,CAMP.24.061,25-10007558,TRUE,2/17/2025,2/20/2025,,,100
https://scanpaq.com/js.php,URL,100,UNC5518,,,CAMP.24.061,25-10007558,TRUE,2/13/2025,2/20/2025,,,100
https://scanpaq.com/stat.php,URL,100,UNC5518,FAKETREFF,,CAMP.24.061,25-10007558,TRUE,2/17/2025,2/20/2025,,,100
https://sec-group.co.uk/,URL,50,UNC5518,,,CAMP.24.061,24-10070103,FALSE,9/17/2024,11/7/2024,,,0
https://septicfl.com/h/get.php,URL,100,UNC5518,,,CAMP.24.061,24-10070103,TRUE,6/5/2024,11/7/2024,,,100
https://servicebasix.com/wp-admin/images/wfgth.php,URL,100,UNC5518,FAKETREFF,,CAMP.24.061,24-10070103,TRUE,8/30/2024,11/7/2024,,,100
https://sherirowland.com/,URL,50,UNC5518,,,CAMP.24.061,24-10070103,FALSE,5/17/2024,11/7/2024,,,0
https://sixpoint.com/,URL,50,UNC5518,,,CAMP.24.061,24-10070103,FALSE,6/18/2024,11/7/2024,,,0
https://skipthewarehouse.com/,URL,21,UNC5518,,,CAMP.24.061,24-10070103,FALSE,5/16/2024,11/7/2024,,,0
https://skipthewarehouse.com/catalog/view/javascript/bootstrap/js/bootstrap.min.js,URL,50,UNC5518,,,CAMP.24.061,24-10070103,FALSE,5/16/2024,11/7/2024,,,0
https://snallabolaget.com/,URL,50,UNC5518,,,CAMP.24.061,24-10070103,FALSE,5/17/2024,11/7/2024,,,0
https://staging.federgolf.it/,URL,50,UNC5518,,,CAMP.24.061,24-10070103,FALSE,5/17/2024,11/7/2024,,,0
https://steamcommunity.com/profiles/76561199689894251,URL,79,,,,CAMP.24.061,"24-10064648, 24-10070103",FALSE,6/5/2024,11/7/2024,,,40
https://streamlineresults.com/wp-admin/images/xafrj.php,URL,100,UNC5518,FAKETREFF,,CAMP.24.061,24-10070103,TRUE,9/13/2024,11/7/2024,,,100
https://stylebyemilyhenderson.com/blog/lay-narrow-living-room,URL,45,UNC5518,,,CAMP.24.061,,FALSE,2/3/2025,2/4/2025,,,0
https://sustaincharlotte.org/wp-content/upgrade/update.php,URL,100,UNC5518,FAKETREFF,,CAMP.24.061,24-10070103,TRUE,5/13/2024,11/7/2024,,,100
https://tayakay.com/analytics.js,URL,100,UNC5518,,,CAMP.24.061,"24-10061836, 24-10064640, 24-10070103",TRUE,8/29/2024,11/7/2024,,,100
https://tayakay.com/js.php,URL,100,UNC5518,,,CAMP.24.061,"24-10061836, 24-10064640, 24-10070103",TRUE,8/29/2024,11/7/2024,,,100
https://tayakay.com/js.php?device=*&ip=*&refferer=*&browser=*&ua=*&domain=*&loc=*&is_ajax=1,URL,100,UNC5518,,,CAMP.24.061,"24-10061836, 24-10064640, 24-10070103",TRUE,8/29/2024,11/7/2024,,,100
https://tayakay.com/stat.php,URL,100,UNC5518,FAKETREFF,,CAMP.24.061,24-10070103,TRUE,8/30/2024,11/7/2024,,,100
https://terryrossplumbing.com/,URL,21,UNC5518,,,CAMP.24.061,24-10070103,FALSE,9/17/2024,11/7/2024,,,0
https://texasteenbookfestival.org/wp-admin/images/dws.php,URL,100,UNC5518,FAKETREFF,,CAMP.24.061,24-10070103,TRUE,8/5/2024,11/7/2024,,,100
https://theawningcompanyca.com/,URL,50,UNC5518,,,CAMP.24.061,"24-10070103, 24-10071643",FALSE,9/26/2024,11/15/2024,,,0
https://thenowmassage.com/,URL,21,UNC5518,,,CAMP.24.061,24-10070103,FALSE,7/12/2024,11/7/2024,,,0
https://theutahairshow.com/,URL,50,UNC5518,,,CAMP.24.061,24-10070103,FALSE,9/20/2024,11/7/2024,,,0
https://theyard.com/,URL,50,UNC5518,,,CAMP.24.061,24-10070103,FALSE,9/12/2024,11/7/2024,,,0
https://tristatecr.com/,URL,21,UNC5518,,,CAMP.24.061,"24-10064640, 24-10070103",FALSE,9/17/2024,11/7/2024,,,0
https://trk.buildercms.com/,URL,50,UNC5518,,,CAMP.24.061,24-10070103,FALSE,9/12/2024,11/7/2024,,,0
https://true-blood.net/,URL,50,UNC5518,,,CAMP.24.061,24-10070103,FALSE,9/17/2024,11/7/2024,,,0
https://tuebora.com/,URL,50,UNC5518,,,CAMP.24.061,24-10070103,FALSE,5/17/2024,11/7/2024,,,0
https://uhsee.com/p/land.php,URL,100,UNC5518,,,CAMP.24.061,24-10070103,TRUE,5/14/2024,11/7/2024,,,100
https://uhsee.com/p/stat.php,URL,100,UNC5518,FAKETREFF,,CAMP.24.061,24-10070103,TRUE,5/15/2024,11/7/2024,,,100
https://unsolved.com/,URL,45,UNC5518,,,CAMP.24.061,24-10070103,FALSE,9/20/2024,11/7/2024,,,7
https://walkerroofingandconstruction.com/,URL,50,UNC5518,,,CAMP.24.061,24-10070103,FALSE,9/20/2024,11/7/2024,,,0
https://wallaceclinic.ca/,URL,21,UNC5518,,,CAMP.24.061,24-10070103,FALSE,9/20/2024,11/7/2024,,,0
https://wildwoodpress.org/wp-includes/pomo/update.php,URL,100,UNC5518,FAKETREFF,,CAMP.24.061,24-10070103,TRUE,6/24/2024,11/7/2024,,,100
https://willchar.com/stat.php,URL,100,UNC5518,FAKETREFF,,CAMP.24.061,25-10013422,TRUE,3/6/2025,3/18/2025,,,100
https://winworld.es/wp-content/themes/oceanwp/assets/js/theme.min.js?ver=3.5.5,URL,50,UNC5518,,,CAMP.24.061,24-10070103,FALSE,5/14/2024,11/7/2024,,,0
https://worldorphans.org/,URL,50,UNC5518,,,CAMP.24.061,24-10070103,FALSE,9/17/2024,11/7/2024,,,0
https://wqenpene.com/5r1r.js,URL,100,UNC5518,,,CAMP.24.061,25-10013422,TRUE,3/3/2025,3/18/2025,,,100
https://wqenpene.com/6t4r.js,URL,100,UNC5518,,,CAMP.24.061,,TRUE,3/3/2025,3/3/2025,,,100
https://wqenpene.com/js.php,URL,100,UNC5518,,,CAMP.24.061,25-10013422,TRUE,3/3/2025,3/18/2025,,,100
https://wqenpene.com/stat.php,URL,100,UNC5518,FAKETREFF,,CAMP.24.061,25-10013422,TRUE,3/3/2025,3/18/2025,,,100
https://www.211cny.com/,URL,50,UNC5518,,,CAMP.24.061,24-10070103,FALSE,9/17/2024,11/7/2024,,,0
https://www.900biscaynebaymiamicondos.com/,URL,50,UNC5518,,,CAMP.24.061,24-10070103,FALSE,9/20/2024,11/7/2024,,,0
https://www.accelloans.com/,URL,50,UNC5518,,,CAMP.24.061,24-10070103,FALSE,9/17/2024,11/7/2024,,,0
https://www.accentawnings.com/,URL,50,UNC5518,,,CAMP.24.061,24-10070103,FALSE,9/17/2024,11/7/2024,,,0
https://www.acvillage.net/,URL,50,UNC5518,,,CAMP.24.061,24-10070103,FALSE,9/12/2024,11/7/2024,,,0
https://www.airandheatspecialistsnj.com/,URL,50,UNC5518,,,CAMP.24.061,24-10070103,FALSE,9/17/2024,11/7/2024,,,0
https://www.allprostriping.com/,URL,50,UNC5518,,,CAMP.24.061,24-10070103,FALSE,9/17/2024,11/7/2024,,,0
https://www.allthingsankara.com/,URL,50,UNC5518,,,CAMP.24.061,24-10070103,FALSE,9/17/2024,11/7/2024,,,0
https://www.architectureandgovernance.com/,URL,21,UNC5518,,,CAMP.24.061,24-10070103,FALSE,9/17/2024,11/7/2024,,,0
https://www.articolite.com/,URL,50,UNC5518,,,CAMP.24.061,24-10070103,FALSE,5/17/2024,11/7/2024,,,0
https://www.articolite.com/tengh.php,URL,100,UNC5518,FAKETREFF,,CAMP.24.061,24-10070103,TRUE,7/8/2024,11/7/2024,,,100
https://www.avvocati-associati.org/,URL,50,UNC5518,,,CAMP.24.061,24-10070103,FALSE,5/17/2024,11/7/2024,,,0
https://www.bassomarketingagency.com/,URL,50,UNC5518,,,CAMP.24.061,"24-10064648, 24-10070103",FALSE,6/28/2024,11/7/2024,,,0
https://www.belvoirfarm.co.uk/,URL,40,UNC5518,,,CAMP.24.061,24-10070103,FALSE,9/17/2024,11/7/2024,,,0
https://www.betterqualified.com/,URL,50,UNC5518,,,CAMP.24.061,24-10070103,FALSE,5/17/2024,11/7/2024,,,0
https://www.boatclubtrafalgar.com/,URL,50,UNC5518,,,CAMP.24.061,24-10070103,FALSE,9/17/2024,11/7/2024,,,0
https://www.brandamos.com/,URL,50,UNC5518,,,CAMP.24.061,24-10070103,FALSE,9/17/2024,11/7/2024,,,0
https://www.brgintl.com/,URL,21,UNC5518,,,CAMP.24.061,24-10070103,FALSE,9/20/2024,11/7/2024,,,0
https://www.cantaloop.de/,URL,45,UNC5518,,,CAMP.24.061,24-10070103,FALSE,5/17/2024,11/7/2024,,,8
https://www.ccl.org/our-locations/americas/greensboro,URL,40,UNC5518,,,CAMP.24.061,24-10070103,FALSE,6/25/2024,11/7/2024,,,0
https://www.cdhcpa.com/,URL,50,UNC5518,,,CAMP.24.061,24-10070103,FALSE,9/12/2024,11/7/2024,,,0
https://www.chandlersports.co.uk/,URL,40,UNC5518,,,CAMP.24.061,24-10070103,FALSE,5/17/2024,11/7/2024,,,0
https://www.cornelius.com/,URL,50,UNC5518,,,CAMP.24.061,24-10070103,FALSE,9/17/2024,11/7/2024,,,0
https://www.dces.com/,URL,45,UNC5518,,,CAMP.24.061,24-10070103,FALSE,9/17/2024,11/7/2024,,,8
https://www.ddesignerr.com/,URL,50,UNC5518,,,CAMP.24.061,24-10070103,FALSE,5/17/2024,11/7/2024,,,0
https://www.digimind.nl/wp-content/upgrade/update.php,URL,100,UNC5518,FAKETREFF,,CAMP.24.061,24-10070103,TRUE,6/10/2024,11/7/2024,,,100
https://www.doctorkiltz.com/,URL,50,UNC5518,,,CAMP.24.061,24-10070103,FALSE,9/12/2024,11/7/2024,,,0
https://www.doctorkiltz.com/vitamin-c-on-carnivore-diet/,URL,50,"UNC1543, UNC5518",,,CAMP.24.061,24-10070103,FALSE,9/5/2024,11/7/2024,,,0
https://www.donshewey.com/,URL,50,UNC5518,,,CAMP.24.061,24-10070103,FALSE,5/17/2024,11/7/2024,,,0
https://www.drivenbyboredom.com/,URL,50,UNC5518,,,CAMP.24.061,24-10070103,FALSE,9/20/2024,11/7/2024,,,0
https://www.eco-bio-systems.de/,URL,50,UNC5518,,,CAMP.24.061,24-10070103,FALSE,5/17/2024,11/7/2024,,,0
https://www.ecowas.int/,URL,18,UNC5518,,,CAMP.24.061,24-10070103,FALSE,5/17/2024,11/7/2024,,,0
https://www.experiture.com/wp-admin/network/rsggj.php,URL,100,UNC5518,FAKETREFF,,CAMP.24.061,"24-10063759, 24-10064648, 24-10070103",TRUE,9/12/2024,11/7/2024,,,100
https://www.facebeautyscience.com/,URL,50,UNC5518,,,CAMP.24.061,24-10070103,FALSE,9/17/2024,11/7/2024,,,0
https://www.facefoundrie.com/,URL,21,UNC5518,,,CAMP.24.061,24-10070103,FALSE,8/8/2024,11/7/2024,,,0
https://www.featheredowl.com/,URL,50,UNC5518,,,CAMP.24.061,24-10070103,FALSE,9/17/2024,11/7/2024,,,0
https://www.foxcorphousing.com/,URL,50,UNC5518,,,CAMP.24.061,24-10070103,FALSE,9/12/2024,11/7/2024,,,0
https://www.genuine-comfort.com/,URL,50,UNC5518,,,CAMP.24.061,24-10070103,FALSE,9/20/2024,11/7/2024,,,0
https://www.godschatroom.com/,URL,50,UNC5518,,,CAMP.24.061,24-10070103,FALSE,5/17/2024,11/7/2024,,,0
https://www.gofreight.com,URL,50,UNC5518,,,CAMP.24.061,24-10070103,FALSE,9/20/2024,11/7/2024,,,0
https://www.gofreight.com/,URL,50,UNC5518,,,CAMP.24.061,24-10070103,FALSE,9/17/2024,11/7/2024,,,0
https://www.hayeshvacllc.com/,URL,50,UNC5518,,,CAMP.24.061,"24-10061836, 24-10070103",FALSE,8/29/2024,11/7/2024,,,0
https://www.hksusa.com/,URL,21,UNC5518,,,CAMP.24.061,"24-10064640, 24-10064648, 24-10070103",FALSE,9/23/2024,11/7/2024,,,0
https://www.hksusa.com/application/themes/hks/js/app.min.js?v=119923,URL,50,UNC5518,,,CAMP.24.061,"24-10064640, 24-10064648, 24-10070103",FALSE,9/23/2024,11/7/2024,,,0
https://www.holmantreeservice.com/,URL,50,UNC5518,,,CAMP.24.061,24-10070103,FALSE,9/17/2024,11/7/2024,,,0
https://www.horsedrinker.com/,URL,50,UNC5518,,,CAMP.24.061,24-10070103,FALSE,9/20/2024,11/7/2024,,,0
https://www.horsedrinker.com/product/horses-donkeys-mules-draft-miniatures-automatic-waterer/,URL,21,UNC5518,,,CAMP.24.061,24-10070103,FALSE,8/12/2024,11/7/2024,,,0
https://www.hypnoticasia.com/,URL,50,"UNC1543, UNC5518",,,CAMP.24.061,"24-10006476, 24-10070103",FALSE,3/14/2024,11/7/2024,,,0
https://www.imaginativeuniversal.com/,URL,50,UNC5518,,,CAMP.24.061,24-10070103,FALSE,5/17/2024,11/7/2024,,,0
https://www.italvi.it/,URL,45,UNC5518,,,CAMP.24.061,24-10070103,FALSE,5/17/2024,11/7/2024,,,8
https://www.itslife.in/,URL,50,UNC5518,,,CAMP.24.061,24-10070103,FALSE,5/17/2024,11/7/2024,,,0
https://www.jackpotmobilecasino.co.uk/,URL,40,UNC5518,,,CAMP.24.061,24-10070103,FALSE,9/17/2024,11/7/2024,,,0
https://www.jasperpim.com/,URL,50,UNC5518,,,CAMP.24.061,24-10070103,FALSE,9/17/2024,11/7/2024,,,0
https://www.keycoopt.com/,URL,50,UNC5518,,,CAMP.24.061,24-10070103,FALSE,5/17/2024,11/7/2024,,,0
https://www.keycoopt.com/wp-includes/images/xit.php,URL,100,UNC5518,FAKETREFF,,CAMP.24.061,24-10070103,TRUE,9/12/2024,11/7/2024,,,100
https://www.leoapexphoto.com/wp-includes/pomo/woo.php,URL,100,UNC5518,FAKETREFF,,CAMP.24.061,24-10070103,TRUE,8/2/2024,11/7/2024,,,100
https://www.lifetimeroofing.com/roofing-services/,URL,50,UNC5518,,,CAMP.24.061,24-10070103,FALSE,8/15/2024,11/7/2024,,,0
https://www.liquidarea.com/,URL,50,UNC5518,,,CAMP.24.061,24-10070103,FALSE,5/17/2024,11/7/2024,,,0
https://www.londonsugar.com/,URL,50,UNC5518,,,CAMP.24.061,24-10070103,FALSE,9/20/2024,11/7/2024,,,0
https://www.loopbackanalytics.com/wp-includes/gdsayy.php,URL,100,UNC5518,FAKETREFF,,CAMP.24.061,"24-10068048, 24-10070103",TRUE,10/15/2024,11/7/2024,,,100
https://www.louisvillemechanical.com/,URL,50,UNC5518,,,CAMP.24.061,24-10070103,FALSE,9/12/2024,11/7/2024,,,0
https://www.lsbn.state.la.us,URL,12,UNC5518,,,CAMP.24.061,24-10070103,FALSE,9/20/2024,11/7/2024,,,0
https://www.lsbn.state.la.us/,URL,15,UNC5518,,,CAMP.24.061,24-10070103,FALSE,9/17/2024,11/7/2024,,,0
https://www.marketlist.com/,URL,50,UNC5518,,,CAMP.24.061,24-10070103,FALSE,9/20/2024,11/7/2024,,,0
https://www.miles-around.de/,URL,45,UNC5518,,,CAMP.24.061,24-10070103,FALSE,5/17/2024,11/7/2024,,,8
https://www.miles-around.de/en/,URL,45,UNC5518,,,CAMP.24.061,24-10070103,FALSE,5/17/2024,11/7/2024,,,8
https://www.millieholloman.com/,URL,50,"UNC1543, UNC5518",,,CAMP.24.061,"24-10017550, 24-10070103",FALSE,6/6/2024,11/7/2024,,,0
https://www.mocanyc.org/,URL,21,UNC5518,,,CAMP.24.061,24-10070103,FALSE,5/17/2024,11/7/2024,,,0
https://www.monstercasino.co.uk/,URL,40,UNC5518,,,CAMP.24.061,"24-10069573, 24-10070103",FALSE,9/17/2024,11/7/2024,,,0
https://www.mraguilarlandscaping.com/wp-includes/css/x3h6.php,URL,100,UNC5518,FAKETREFF,,CAMP.24.061,24-10070103,TRUE,7/12/2024,11/7/2024,,,100
https://www.mrsbrimbles.co.uk/,URL,45,UNC5518,,,CAMP.24.061,24-10070103,FALSE,5/17/2024,11/7/2024,,,8
https://www.myrtlebeachgolfpackages.co/,URL,21,UNC5518,,,CAMP.24.061,24-10070103,FALSE,9/12/2024,11/7/2024,,,0
https://www.napcis.org/wp-includes/pomo/update.php,URL,100,UNC5518,FAKETREFF,,CAMP.24.061,24-10070103,TRUE,6/28/2024,11/7/2024,,,100
https://www.netzwerkreklame.de/,URL,21,UNC5518,,,CAMP.24.061,24-10070103,FALSE,5/17/2024,11/7/2024,,,0
https://www.netzwerkreklame.de/wp-content/upgrade/update.php,URL,100,UNC5518,FAKETREFF,,CAMP.24.061,"24-10064648, 24-10070103",TRUE,5/23/2024,11/7/2024,,,100
https://www.northviewdental.com/,URL,50,UNC5518,,,CAMP.24.061,24-10070103,FALSE,9/20/2024,11/7/2024,,,0
https://www.orthodontie-laurentides.com/,URL,50,UNC5518,,,CAMP.24.061,24-10070103,FALSE,9/17/2024,11/7/2024,,,0
https://www.parajohn.com/,URL,50,UNC5518,,,CAMP.24.061,24-10070103,FALSE,9/17/2024,11/7/2024,,,0
https://www.parksavers.com/,URL,50,UNC5518,,,CAMP.24.061,24-10070103,FALSE,9/17/2024,11/7/2024,,,0
https://www.patio-supply.com/,URL,50,UNC5518,,,CAMP.24.061,24-10070103,FALSE,9/20/2024,11/7/2024,,,0
https://www.pawrestling.net/wp-content/upgrade/update.php,URL,100,UNC5518,FAKETREFF,,CAMP.24.061,"24-10064648, 24-10070103",TRUE,5/14/2024,11/7/2024,,,100
https://www.perfectduluthday.com/,URL,45,UNC5518,,,CAMP.24.061,24-10070103,FALSE,9/19/2024,11/7/2024,,,7
https://www.ppcmanagement.com/,URL,50,UNC5518,,,CAMP.24.061,24-10070103,FALSE,9/17/2024,11/7/2024,,,0
https://www.progarm.com/,URL,50,UNC5518,,,CAMP.24.061,24-10070103,FALSE,9/12/2024,11/7/2024,,,0
https://www.reddiseals.com/,URL,21,UNC5518,,,CAMP.24.061,24-10070103,FALSE,9/17/2024,11/7/2024,,,0
https://www.reloadinternet.com/,URL,50,UNC5518,,,CAMP.24.061,"24-10064648, 24-10070103",FALSE,5/24/2024,11/7/2024,,,0
https://www.reloadinternet.com/scriptss2.js,URL,50,UNC5518,,,CAMP.24.061,"24-10064648, 24-10070103",FALSE,5/24/2024,11/7/2024,,,0
https://www.riaa.com/,URL,15,UNC5518,,,CAMP.24.061,24-10070103,FALSE,9/17/2024,11/7/2024,,,0
https://www.robertomalca.com/,URL,50,UNC5518,,,CAMP.24.061,"24-10063759, 24-10064648, 24-10070103",FALSE,7/9/2024,11/7/2024,,,0
https://www.roguemag.co.uk/,URL,45,UNC5518,,,CAMP.24.061,24-10070103,FALSE,5/17/2024,11/7/2024,,,8
https://www.seethewhizard.com/,URL,50,UNC5518,,,CAMP.24.061,24-10070103,FALSE,5/17/2024,11/7/2024,,,0
https://www.seocompany.com/,URL,50,UNC5518,,,CAMP.24.061,24-10070103,FALSE,9/17/2024,11/7/2024,,,0
https://www.siquri.com/,URL,50,UNC5518,,,CAMP.24.061,24-10070103,FALSE,9/20/2024,11/7/2024,,,0
https://www.smilemountainview.com/,URL,21,UNC5518,,,CAMP.24.061,24-10070103,FALSE,9/20/2024,11/7/2024,,,0
https://www.sramanamitra.com/,URL,50,UNC5518,,,CAMP.24.061,24-10070103,FALSE,9/17/2024,11/7/2024,,,0
https://www.sunkissedindecember.com/,URL,50,UNC5518,,,CAMP.24.061,24-10070103,FALSE,5/17/2024,11/7/2024,,,0
https://www.sunkissedindecember.com/wp-includes/pomo/update.php,URL,100,UNC5518,FAKETREFF,,CAMP.24.061,24-10070103,TRUE,7/1/2024,11/7/2024,,,100
https://www.system-scale.com/,URL,21,UNC5518,,,CAMP.24.061,24-10070103,FALSE,9/12/2024,11/7/2024,,,0
https://www.technitrad.com/wp-admin/css/w3f4.php,URL,100,UNC5518,FAKETREFF,,CAMP.24.061,24-10070103,TRUE,8/7/2024,11/7/2024,,,100
https://www.thecreativemom.com/,URL,21,UNC5518,,,CAMP.24.061,24-10070103,FALSE,5/17/2024,11/7/2024,,,0
https://www.theskininstitute.org/,URL,50,UNC5518,,,CAMP.24.061,24-10070103,FALSE,9/20/2024,11/7/2024,,,0
https://www.thetrafalgargroup.co.uk/,URL,40,UNC5518,,,CAMP.24.061,24-10070103,FALSE,9/17/2024,11/7/2024,,,0
https://www.thetruthaboutguns.com/,URL,18,UNC5518,,,CAMP.24.061,24-10070103,FALSE,9/17/2024,11/7/2024,,,0
https://www.tradedirectory.com/,URL,50,UNC5518,,,CAMP.24.061,24-10070103,FALSE,9/20/2024,11/7/2024,,,0
https://www.tydzien.co.uk/,URL,45,UNC5518,,,CAMP.24.061,24-10070103,FALSE,5/17/2024,11/7/2024,,,8
https://www.ultrasound-guided-injections.co.uk/,URL,50,UNC5518,,,CAMP.24.061,24-10070103,FALSE,9/17/2024,11/7/2024,,,0
https://www.urbis-realestate.com/,URL,50,UNC5518,,,CAMP.24.061,24-10070103,FALSE,9/20/2024,11/7/2024,,,0
https://www.venetiannj.com/,URL,21,UNC5518,,,CAMP.24.061,24-10070103,FALSE,9/17/2024,11/7/2024,,,0
https://www.vergleich-portal.de/,URL,45,UNC5518,,,CAMP.24.061,24-10070103,FALSE,5/17/2024,11/7/2024,,,8
https://www.viclaser.com.au/,URL,18,UNC5518,,,CAMP.24.061,24-10070103,FALSE,9/17/2024,11/7/2024,,,0
https://www.visitarundel.co.uk/,URL,40,UNC5518,,,CAMP.24.061,24-10070103,FALSE,9/20/2024,11/7/2024,,,0
https://www.wefinanceanycar.com/,URL,50,UNC5518,,,CAMP.24.061,24-10070103,FALSE,9/12/2024,11/7/2024,,,0
https://www.wheelpower.org/,URL,50,UNC5518,,,CAMP.24.061,24-10070103,FALSE,5/17/2024,11/7/2024,,,0
https://www.whiskyisrael.co.il/,URL,50,UNC5518,,,CAMP.24.061,24-10070103,FALSE,5/17/2024,11/7/2024,,,0
https://www.wilymanager.com/,URL,45,UNC5518,,,CAMP.24.061,24-10070103,FALSE,5/17/2024,11/7/2024,,,8
https://www.wunderstudios.com/,URL,21,UNC5518,,,CAMP.24.061,24-10070103,FALSE,5/17/2024,11/7/2024,,,0
https://xxxbios.com/,URL,45,UNC5518,,,CAMP.24.061,24-10070103,FALSE,9/20/2024,11/7/2024,,,7
https://yellowtail.tech/,URL,50,UNC5518,,,CAMP.24.061,24-10070103,FALSE,9/17/2024,11/7/2024,,,0
https://zcaas.totem.tech/,URL,50,UNC5518,,,CAMP.24.061,24-10070103,FALSE,9/20/2024,11/7/2024,,,0
https://zoninusa.com/,URL,50,UNC5518,,,CAMP.24.061,24-10070103,FALSE,9/17/2024,11/7/2024,,,0
https://zoomzle.com/p/land.php,URL,100,UNC5518,FAKETREFF,,CAMP.24.061,"24-10064648, 24-10070103",TRUE,5/15/2024,11/7/2024,,,100
https://zoomzle.com/p/land.php?device=*&ip=*&refferer=*&ua=*&domain=*&loc=*,URL,100,UNC5518,FAKETREFF,,CAMP.24.061,"24-10064648, 24-10070103",TRUE,5/15/2024,11/7/2024,,,100
https://zoomzle.com/p/stat.php,URL,100,UNC5518,FAKETREFF,,CAMP.24.061,24-10070103,TRUE,5/15/2024,11/7/2024,,,100
